condo_name,top_year,km_mrt
1 CANBERRA,2015,
1 KING ALBERT PARK,1997,0.4 - KING ALBERT PARK
1 MOULMEIN RISE,2003,0.31 - NOVENA
10 SHELFORD,2014,
11 AMBER ROAD,2005,1.51 - DAKOTA
11 BALMORAL,1992,
111 EMERALD HILL,2011,
134 WATTEN ESTATE ROAD,1979,0.81 - TAN KAH KEE
15 NEWTON,2010,
16 @ AMBER,2013,
18 SHELFORD,2011,
18 WOODSVILLE,2015,
1919,2015,
21 RICHARDS,2014,
26 NEWTON,2016,
28 IMPERIAL RESIDENCES,2016,
28 RC SUITES,2017,
28 SHELFORD,1994,0.58 - TAN KAH KEE
283 STUDIO,2013,
2RVG,2006,0.58 - SOMERSET
3 @ PHILLIPS,2007,
3 @ SANDILANDS,2011,
368 THOMSON,2014,0.91 - NOVENA
38 AMBER,2008,
38 DRAYCOTT DRIVE,2002,0.65 - ORCHARD
38 I SUITES,2014,0.8 - PAYA LEBAR
38 STEVENS ROAD,1991,0.64 - STEVENS
3BHC,2007,
448 @ EAST COAST,2014,
57 @ KOVAN,2013,
6 DERBYSHIRE,2017,
7 CHANCERY HILL WALK,2005,
7 CLAYMORE,1993,0.57 - ORCHARD
7 DRAYCOTT DRIVE,2000,0.58 - ORCHARD
7 ON CHAPEL,2014,
72 GRANGE ROAD,1995,
76 SHENTON,2014,0.34 - TANJONG PAGAR
8 @ MOUNT SOPHIA,2007,0.29 - DHOBY GHAUT
8 @ STRATTON,2009,
8 @ WOODLEIGH,2012,
8 BASSEIN,2015,
8 EDEN GROVE,2000,
8 FARRER SUITES,2015,
8 NAPIER,2010,
8 ORANGE GROVE,1989,
8 RAJA,2013,
8 RODYK,2011,
80 MEYER ROAD,2011,
833 M B RESIDENCES,2011,
8M RESIDENCES,2017,
9 HOLLAND HILL,1997,
9 NASSIM ROAD,2003,0.83 - ORCHARD
90 HOLLAND ROAD,1995,0.76 - HOLLAND VILLAGE
91 MARSHALL,2016,
A TREASURE TROVE,2015,
AALTO,2010,1.45 - DAKOTA
ADAM GREEN,2013,
ADAM PARK CONDO,2004,0.63 - TAN KAH KEE
ADAM PLACE,1992,0.38 - BOTANIC GARDENS
ADANA @ THOMSON,2018,
ADRIA,2013,0.42 - NOVENA
AIRSTREAM,2013,
ALANA,2017,
ALBA,2015,
ALEGRIA BOUTIQUE APARTMENTS,2005,0.63 - NOVENA
ALESSANDREA,2004,0.64 - REDHILL
ALEX RESIDENCES,2019,
ALEXIS,2012,0.41 - QUEENSTOWN
ALIAS VILLAS,2017,
ALLSWORTH PARK,1985,0.95 - DOVER
ALPHA APARTMENTS,2005,
ALTEZ,2014,0.28 - TANJONG PAGAR
ALWYN PARK,1992,
AMANINDA,2005,0.65 - NOVENA
AMARANDA GARDEN,2004,0.46 - LORONG CHUAN
AMARYLLIS VILLE,2004,0.5 - NEWTON
AMBER GLADES,1990,
AMBER PARK,1986,1.44 - DAKOTA
AMBER POINT,1990,1.49 - DAKOTA
AMBER RESIDENCES,2011,
AMBER SKYE,2017,
AMPAS APARTMENTS,1990,
ANDERSON GREEN,2000,0.86 - STEVENS
APLETON VIEW,2005,0.22 - NOVENA
AQUARINE GARDENS,2004,
AQUARIUS BY THE PARK,2002,0.35 - BEDOK RESERVOIR
AQUENE @ TELOK KURAU,2008,
ARC AT TAMPINES,2015,
ARCHIPELAGO,2016,
ARDISIA GARDENS,1997,
ARDMORE 3,2015,
ARDMORE II,2010,0.73 - ORCHARD
ARDMORE PARK,2001,0.71 - ORCHARD
ARDMORE RESIDENCE,2013,
ARTHUR 118,2005,0.97 - MOUNTBATTEN
ARTHUR MANSIONS,1993,0.92 - MOUNTBATTEN
ASCENT @ 456,2017,
ASCENTIA SKY,2013,0.15 - REDHILL
ASHLEY GREEN,1996,
ASIA GARDENS,1985,
ASIMONT @ BARKER,1986,
ASPEN HEIGHTS,1999,0.57 - FORT CANNING
ASPEN LINQ,2014,
ASTON GREEN,2013,
ASTON LODGE,1997,
ASTON MANSIONS,1999,
ASTON RESIDENCE,2011,
ASTOR,2007,
ASTOR GREEN,1995,0.68 - DOVER
ASTORIA APARTMENTS,1983,0.62 - NEWTON
ASTORIA PARK,1998,0.14 - KEMBANGAN
ASTRID MEADOWS,1990,0.7 - HOLLAND VILLAGE
ASTRIDVILLE,1985,
ATELIER VILLAS,2008,1.33 - YIO CHU KANG
ATRIUM RESIDENCES,2008,0.5 - ALJUNIED
ATTITUDE @ KIM YAM,2011,
AURA 83,2016,
AURALIS,2013,
AUSTVILLE RESIDENCES,2014,
AVA TOWERS,1993,
AVALON,2000,0.86 - STEVENS
AVENUE VILLA,1997,
AVILA GARDENS,1995,1.26 - TAMPINES EAST
AVILA TERRACE,1996,
AVON PARK,1991,0.17 - WOODLEIGH
AXIS @ SIGLAP,2009,1.53 - BEDOK
AZALEA PARK,1996,1.09 - TAMPINES EAST
BAGNALL COURT,1991,
BALCON EAST,2012,
BALESTIER 288,2004,1.03 - NOVENA
BALESTIER PLAZA,1985,
BALESTIER POINT,1988,0.93 - NOVENA
BALESTIER REGENCY,1990,
BALESTIER TOWERS,1991,
BALLOTA PARK,2000,1.61 - TAMPINES EAST
BALMORAL 8,2003,0.69 - NEWTON
BALMORAL CONDO,1992,0.63 - NEWTON
BALMORAL CREST,2003,0.59 - NEWTON
BALMORAL GARDENS,1981,
BALMORAL GATE,1994,0.67 - NEWTON
BALMORAL HEIGHTS,2005,0.47 - NEWTON
BALMORAL HILLS,2007,0.48 - STEVENS
BALMORAL LODGE,1984,
BALMORAL PLACE,2000,0.59 - NEWTON
BALMORAL POINT,1977,
BALMORAL RESIDENCES,2003,0.48 - NEWTON
BALMORAL TOWER,1980,
BALMY COURT,1998,
BANYAN PARK,1998,
BANYAN RESORT CONDO,1995,0.6 - PASIR PANJANG
BANYAN VILLAS,2005,0.94 - YIO CHU KANG
BARKER 9,2014,
BARKER TERRACES,2008,
BARKER VILLE,2010,
BARTLEY RESIDENCES,2015,
BARTLEY RIDGE,2018,
BARTLEY VILLAS,1996,
BASSEIN COURT,1993,
BAYOU RESIDENCE,2008,
BAYSHORE PARK,1986,1.62 - BEDOK
BAYVILLE CONDO,1996,
BAYWATER,2006,
BEACON HEIGHTS,2012,
BEAU VISTA,2008,
BEAUFORT ON NASSIM,2008,
BEAUTY WORLD CENTRE,1984,
BEAVERTON COURT,1984,0.56 - DOVER
BEDOK COURT,1985,0.65 - TANAH MERAH
BEDOK RESIDENCES,2015,
BEDOK RIA,1993,
BEECHWOOD TERRACE,1998,
BELGRAVIA PARK,1995,
BELGRAVIA VILLAS,2018,
BELLA CASITA,2013,
BELLA VISTA,2009,
BELLAVILLE,2011,
BELLE VUE RESIDENCES,2010,
BELLERIVE,2012,
BELLEWATERS,2017,
BELLEWOODS,2017,
BELLEZZA @ KATONG,2008,1.4 - DAKOTA
BELMOND GREEN,2004,0.77 - NEWTON
BELMONDO VIEW,2003,
BELYSA,2014,
BERKELEY RESIDENCES,2015,
BEVERLY HILL,1983,0.88 - ORCHARD
BIJOU,2018,
BINJAI CREST,2004,1.09 - KING ALBERT PARK
BIRCHWOOD MANSIONS,1991,
BIRMINGHAM MANSIONS,1998,0.22 - NOVENA
BISHAN 8,2000,0.25 - BISHAN
BISHAN LOFT,2004,0.61 - BISHAN
BISHAN PARK CONDO,1994,2.05 - MARYMOUNT
BISHAN POINT,2005,1.4 - MARYMOUNT
BISHOPSGATE RESIDENCES,2012,
BLEU @ EAST COAST,2010,
BLISS @ KOVAN,2014,
BLISS LOFT,2014,
BLISS REGALIA,2009,
BLISS RESIDENCES,2008,
BLISS VILLE,2010,
BLISSFUL VIEW,1998,0.85 - HOLLAND VILLAGE
BLOSSOM MANSIONS,1995,
BLOSSOM RESIDENCES,2014,
BLOSSOM VIEW,1998,
BLOSSOMS @ WOODLEIGH,2007,0.36 - WOODLEIGH
BLU CORAL,2011,0.94 - KEMBANGAN
BLUE HORIZON,2005,1.94 - CLEMENTI
BLUWATERS,2007,
BLUWATERS 2,2010,1.79 - PASIR RIS
BOATHOUSE RESIDENCES,2015,
BOON COURT,1977,
BOON TECK APARTMENTS,1991,
BOON TECK LODGE,1993,
BOON TECK TOWER,1984,
BOONVIEW,2003,0.35 - MARYMOUNT
BOTANIC GARDENS VIEW,1970,1.5 - STEVENS
BOTANIKA,2009,0.86 - FARRER ROAD
BOTANIQUE AT BARTLEY,2018,
BOTANNIA,2009,1.29 - CLEMENTI
BOUGAINVILLA APARTMENTS,1998,
BOULEVARD VUE,2014,
BOURNEMOUTH EIGHT,1997,
BRADDELL PARK,1984,
BRADDELL VIEW,1981,0.55 - CALDECOTT
BRENTWOOD VILLAS,2005,
BRIGHT BUILDING,1979,
BRIGHTON CREST,2003,
BRIGHTON VIEW,1985,
BRISTOL LODGE,1992,
BROOKS COLLECTION @ SPRINGSIDE,2015,
BROOKVALE PARK,1983,1.5 - BEAUTY WORLD
BUCKLEY 18,2009,
BUCKLEY CLASSIQUE,2014,
BUCKLEY RESIDENCE,2008,0.49 - NOVENA
BUKIT REGENCY,1995,
BUKIT VIEW,1999,
BUKIT VILLAS,2009,
BULLION PARK,1993,1.35 - YIO CHU KANG
BUONA LODGE,1992,
BUONA VISTA GARDENS,1989,
BURGUNDY HILL,1999,
BURLINGTON SQUARE,1998,0.19 - ROCHOR
BUTTERWORTH 33,2006,
BUTTERWORTH 8,2004,0.71 - PAYA LEBAR
BUTTERWORTH VIEW,1999,0.65 - PAYA LEBAR
CABANA,2013,1.34 - YIO CHU KANG
CADENCE LIGHT,2007,
CAIRNHILL CREST,2005,0.58 - SOMERSET
CAIRNHILL HEIGHTS,1990,0.42 - NEWTON
CAIRNHILL MANSION,1963,
CAIRNHILL NINE,2016,0.39 - SOMERSET
CAIRNHILL PLAZA,1978,0.64 - ORCHARD
CAIRNHILL RESIDENCES,2010,0.49 - NEWTON
CALARASI,2004,0.94 - BOON KENG
CALLIDORA VILLE,2009,
CAMBIO SUITES,2016,
CAMBRIDGE VILLAGE,1983,
CAMDEN PARK,1989,
CAMELIA PARK,1984,
CAMELLIA LODGE,1998,0.44 - ALJUNIED
CAMELODGE,1998,
CAMELOT,2001,0.57 - STADIUM
CAMWOOD PARK,1989,
CANARY PARK,1992,
CANBERLIN LODGE,2001,
CANBERRA RESIDENCES,2013,
CANNAVILLE,1993,
CANNE LODGE,2000,
CANTIZ @ RAMBAI,2010,
CAPE ROYALE,2013,
CARABELLE,2009,1.08 - CLEMENTI
CARDIFF RESIDENCE,2015,
CARIBBEAN AT KEPPEL BAY,2004,0.76 - HARBOURFRONT
CARISSA PARK,2003,1.15 - TAMPINES EAST
CARLYX GREEN,2009,
CARLYX RESIDENCE,2006,0.7 - FARRER PARK
CASA AERATA,2014,
CASA AROMA,2003,
CASA CAIRNHILL,1991,0.52 - NEWTON
CASA CAMBIO,2014,
CASA CONTENDERE,1986,0.6 - NEWTON
CASA EMERALD,2002,
CASA ESPANIA,1992,
CASA ESPERANZA,1992,0.11 - KING ALBERT PARK
CASA FIDELIO,1991,
CASA FLORA,1987,
CASA FORTUNA,2012,
CASA IRRAWADDY,1995,
CASA JERVOIS,1990,0.61 - REDHILL
CASA MERAH,2009,0.22 - TANAH MERAH
CASA MEYA,2011,
CASA MEYFORT,1992,1.4 - DAKOTA
CASA NOVACREST,1999,0.36 - NEWTON
CASA PASIR RIS,1997,
CASA RIVIERA,1999,0.65 - SERANGOON
CASA ROSA CONDO,2001,0.43 - BARTLEY
CASA SARINA,1998,
CASABELLA,2006,0.81 - SIXTH AVENUE
CASABLANCA,2006,0.74 - WOODLANDS
CASAFINA,2000,0.99 - BEDOK
CASCADALE,1994,0.51 - UPPER CHANGI
CASCATA,2005,
CASERO @ DUNMAN,2008,
CASHEW HEIGHTS,1992,
CASHEW PARK CONDO,1983,
CASHEW VILLAS,2006,
CASPIAN,2012,
CASSIA EDGE,2018,
CASSIA VIEW,2001,
CASTLE GREEN,1997,0.71 - YIO CHU KANG
CASTLE LOFT,1996,
CASUARINA COVE,1996,0.58 - STADIUM
CAVAN SUITES,2013,
CAVENAGH COURT,1971,
CAVENAGH GARDENS,1975,0.64 - SOMERSET
CAVENAGH HOUSE,1971,0.57 - NEWTON
CAVENAGH LODGE,1996,
CAVENDISH PARK,1996,0.67 - DOVER
CELADON VIEW,1999,
CELESTIA,2010,
CENTENNIA SUITES,2014,
CENTRA HEIGHTS,2014,
CENTRA LOFT,2014,
CENTRA RESIDENCE,2017,
CENTRA STUDIOS,2014,
CENTRA SUITES,2013,
CENTRAL GREEN,1995,0.2 - TIONG BAHRU
CENTRAL GROVE,2001,0.19 - ALJUNIED
CENTRAL IMPERIAL,2015,
CENTRAL MEADOWS,2003,
CENTRAL SQUARE APARTMENTS,1999,
CENTRAL VIEW,2005,0.67 - SERANGOON
CENTRINA,2013,
CENTRO RESIDENCES,2014,0.09 - ANG MO KIO
CENTURION 12,2008,0.98 - MARYMOUNT
CENTURION RESIDENCES,2010,
CENTURY MANSIONS,1998,
CERELIA VISTA,2013,
CEYLON CREST,2006,
CEYLON POINT,2014,
CEYLON RESIDENCE,2012,
CHANCERY COURT,1981,0.47 - NEWTON
CHANCERY ESQUIRE,1996,
CHANCERY GROVE,1996,0.84 - NOVENA
CHANCERY HILL VILLAS,2017,
CHANCERY PARK,1991,0.77 - NEWTON
CHANGI COURT,1997,0.18 - UPPER CHANGI
CHANGI GARDEN,1980,
CHANGI GREEN,2001,0.42 - UPPER CHANGI
CHANGI HEIGHTS,2002,
CHANGI RISE,2004,0.75 - UPPER CHANGI
CHANTILLY RISE,1999,
CHAPEL COURT,1997,
CHAPEL LODGE,1997,
CHARISMA VIEW,2003,
CHARLESTON,2002,1.01 - TIONG BAHRU
CHARLTON 18,2017,
CHARLTON 27,2019,
CHARLTON RESIDENCES,2014,
CHARLTON VILLAS,2011,
CHARMING GARDENS,1984,
CHATEAU ELIZA,1992,
CHATEAU LA SALLE,2010,
CHATEAU LE FAME,1997,0.54 - STEVENS
CHATELET CONDO,1993,0.19 - STEVENS
CHELSEA GARDENS,2000,0.8 - STEVENS
CHELSEA GROVE,2007,0.91 - NOVENA
CHELSEA LODGE,2000,
CHELSEA VILLAGE,1991,
CHEPSTOW VILLE,2010,
CHERRY GARDENS,2004,0.57 - SERANGOON
CHERRY LOFT,2008,
CHERRYHILL,1994,0.53 - SERANGOON
CHESTER PARK,1991,
CHESTERVALE,1997,1.48 - BUKIT PANJANG
CHESTNUT GARDENS,1993,
CHESTNUT GREEN,1994,
CHESTNUT RESIDENCES,2009,
CHESTNUT VILLE,1984,
CHILTERN PARK,1995,
CHIVERTON,2003,0.46 - STEVENS
CHOON KIM HOUSE,2000,
CHUAN PARK,1985,0.16 - LORONG CHUAN
CHUAN TERRACE,1989,
CHUAN VILLAS,2001,
CHUAN VISTA,2000,
CHUVILLE,1990,0.37 - HAW PAR VILLA
CITIGATE RESIDENCE,2011,
CITY EDGE,2008,
CITY GATE,2018,
CITY LOFT,2011,
CITY REGENCY,2009,
CITY SQUARE RESIDENCES,2009,0.44 - FARRER PARK
CITY STUDIOS,2010,
CITY SUITES,2016,
CITY VISTA RESIDENCE,2011,
CITYLIFE @ TAMPINES,2016,
CITYLIGHTS,2007,0.12 - LAVENDER
CITYSCAPE AT FARRER PARK,2015,
CITYVALE,2003,
CLAREMONT,2001,0.47 - SOMERSET
CLASSICAL TERRACE,1995,
CLEMENTI PARK CONDO,1985,1.55 - BEAUTY WORLD
CLEMENTI WOODS CONDO,2010,
CLIFTEN,2007,
CLIVEDEN AT GRANGE,2011,0.79 - ORCHARD
CLOVER BY THE PARK,2012,1 - BISHAN
CLUNY PARK RESIDENCE,2016,
CLYDES RESIDENCE,2006,0.55 - FARRER PARK
CLYDESVIEW,1991,
CLYDESWOOD,1993,
COASTAL BREEZE RESIDENCES,2012,
COASTAL VIEW RESIDENCES,2009,
COASTARINA,2006,1.41 - KEMBANGAN
COCO PALMS,2019,
COMMONWEALTH TOWERS,2019,
COMPASS HEIGHTS,2003,0.1 - SENGKANG
CONCOURSE SKYLINE,2014,0.28 - NICOLL HIGHWAY
CORAL ISLAND,2007,
CORALIS,2013,1.71 - EUNOS
CORALS AT KEPPEL BAY,2016,0.69 - HARBOURFRONT
CORONA COURT,1984,
CORONA VILLE,1982,0.95 - SIXTH AVENUE
CORONATION ARCADE,1984,
CORONATION GROVE,1985,
CORONATION VILLAGE,1990,
COSMO,2010,
COSTA DEL SOL,2003,1.69 - BEDOK
COSTA ESTE,2009,
COSTA RHU,1998,0.56 - NICOLL HIGHWAY
COSY 23,1999,
COSY LODGE,2002,
COTE D'AZUR,2005,1.79 - DAKOTA
COUNTRY ESQUIRE,1992,1.55 - MARYMOUNT
COUNTRY GRANDEUR,1996,
COUNTRY PARK,2003,0.3 - SUNGEI BEDOK
CRADELS,2015,
CRAIG PLACE,2003,0.43 - OUTRAM PARK
CRESCENDO PARK,1996,1.26 - BEDOK
CRYSTAL COURT,1988,
CRYSTAL DE AZURE,2006,0.23 - BARTLEY
CRYSTAL DEW,2004,
CRYSTAL HEIGHTS,2010,
CRYSTAL RHU,2000,0.81 - MOUNTBATTEN
CRYSTAL TOWER,1982,0.59 - STEVENS
CUBE 8,2013,0.91 - TOA PAYOH
CUBIK,2011,
CUSCADEN RESIDENCES,2002,0.61 - ORCHARD
CUSCADEN ROYALE,2010,0.3 - ORCHARD
CYAN,2014,0.53 - STEVENS
D'ALMIRA,2012,
D'BANYAN,2005,0.83 - SEMBAWANG
D'CAMBRIDGE,2006,0.66 - FARRER PARK
D'CASITA,2011,
D'CASTILIA,2013,
D'CHATEAU @ SHELFORD,2012,
D'DALVEY,2005,0.5 - STEVENS
D'ECOSIA,2003,1.68 - KEMBANGAN
D'ELIAS,2005,
D'EVELYN,2008,0.53 - NEWTON
D'FRESCO,2008,
D'GALLERY,2006,
D'GROVE VILLAS,1992,0.76 - ORCHARD
D'HERITAGE APARTMENT,2003,
D'HIRO @ HILLSIDE,2015,
D'IXORAS,2013,
D'LEEDON,2014,
D'LOTUS,2007,
D'MANOR,2001,0.33 - TANAH MERAH
D'MIRA,2013,
D'NEST,2017,
D'OASIA,2010,
D'PAVILION,2011,
D'SUNRISE,2006,
D'WEAVE,2015,
D'ZIRE,2014,
D-MANSIONS,1999,
DAHLIA PARK,2004,1.22 - TAMPINES EAST
DAIRY FARM ESTATE,1989,0.39 - HILLVIEW
DAISY LODGE,1986,
DAISY PETALS,2008,
DAISY SUITES,2016,
DAISY TERRACE,1991,
DAKOTA RESIDENCES,2010,0.4 - DAKOTA
DALLA VALE,2009,2.13 - KHATIB
DALVEY COURT,1976,0.44 - STEVENS
DARBY PARK EXECUTIVE SUITES,1999,
DAWN VILLE,1998,
DE CENTURION,2009,
DE LENTE,2004,0.7 - HOLLAND VILLAGE
DE ROYALE,2006,0.59 - TOA PAYOH
DEDAP GARDENS,1991,
DELIGHT COURT,1994,
DENG FU VILLE,2007,
DENGFU VILLE,2007,
DERBY COURT,1979,
DERBYSHIRE HEIGHTS,2004,
DEVONSHIRE 12,2015,
DEVONSHIRE 8,2017,
DEVONSHIRE RESIDENCES,2014,
DLV,2005,0.52 - STEVENS
DOMAIN 21,2007,0.64 - TIONG BAHRU
DOMUS,2012,0.7 - NOVENA
DORMER PARK,1993,0.79 - REDHILL
DORSETT RESIDENCES,2013,0.1 - OUTRAM PARK
DOUBLE BAY RESIDENCES,2012,0.38 - SIMEI
DOVER PARKVIEW,1997,0.65 - BUONA VISTA
DRAYCOTT 8,2006,0.71 - NEWTON
DUCHESS CREST,1999,0.5 - TAN KAH KEE
DUCHESS MANOR,2006,0.15 - TAN KAH KEE
DUCHESS RESIDENCES,2011,0.75 - TAN KAH KEE
DUCHESS ROYALE,2012,
DUET,2005,0.82 - FARRER ROAD
DUKES RESIDENCES,2012,
DUKU APARTMENTS,2000,
DUNEARN GARDENS,1992,
DUNEARN LODGE,1999,
DUNEARN SUITES,2012,
DUNMAN GROVE,1992,
DUNMAN PLACE,2001,0.69 - DAKOTA
DUNMAN REGENCY,2018,
DUNMAN VIEW,2004,0.85 - DAKOTA
DUNSFOLD 18,2009,0.45 - LORONG CHUAN
DUNSFOLD RESIDENCES,2011,
DUO RESIDENCES,2017,0.24 - BUGIS
DYNASTY GARDEN II,1982,
E MAISON,2016,
E7 LODGE,1991,
EAST COAST HILL,1977,
EAST COAST RESIDENCES,2010,
EAST ELEGANCE,2007,
EAST GALLERIA,2012,1.62 - EUNOS
EAST MEADOWS,2001,0.31 - TANAH MERAH
EAST MEWS,2007,
EAST PALM,2004,1.18 - BEDOK
EAST SHINE,2004,
EAST SIGNATURE,2006,
EAST TREASURE,2004,
EAST VIEW,1999,
EAST VILLAGE,2014,
EAST VILLE,1966,0.78 - EUNOS
EASTBAY,2011,
EASTCOVE RESIDENCES,2004,
EASTERN LAGOON I,1985,1.23 - BEDOK
EASTERN LAGOON II,1985,1.19 - BEDOK
EASTERN RESIDENCE,2007,
EASTPOINT GREEN,1998,0.46 - SIMEI
EASTREES,2016,
EASTSIDE LOFT,2003,0.52 - DAKOTA
EASTVALE,1998,
EASTWOOD CENTRE,1998,
EASTWOOD GREEN CONDO,1998,
EASTWOOD GREEN TERRACE,1998,
EASTWOOD PARK,1997,
EASTWOOD REGENCY,2013,
EASTWOOD VALE,1997,
EASTWOOD VILLE,1995,
EBONY MANSIONS,1995,
ECHELON,2016,
ECO,2017,
ECO SANCTUARY,2016,
ECOPOLITAN,2016,
ECOVILLE,2008,
EDELWEISS PARK,2006,1.56 - TAMPINES EAST
EDEN CREST,2005,
EDEN VIEW,2006,
EDENZ LOFT,2015,
EDENZ SUITES,2014,
EIGHT @ EAST COAST,2009,
EIGHT COURTYARDS,2015,
EIGHT RIVERSUITES,2016,
EIS RESIDENCES,2013,
EL CENTRO,2004,0.47 - TANJONG PAGAR
ELEVEN @ HOLLAND,2014,
ELIAS GREEN,1994,0.78 - PASIR RIS
ELIAS TERRACE,1994,
ELIZABETH HEIGHTS,1985,0.54 - NEWTON
ELIZABETH TOWERS,1980,0.55 - ORCHARD
ELLIOT AT THE EAST COAST,2013,
EMERALD EAST,1998,0.72 - MOUNTBATTEN
EMERALD GARDEN,1998,0.26 - TELOK AYER
EMERALD PARK,1993,0.51 - TIONG BAHRU
EMERY POINT,2003,
EMILY RESIDENCE,2006,0.3 - LITTLE INDIA
EMPRADO SUITES,2008,1.17 - KEMBANGAN
ENG KONG GREEN,1999,
ENVIO,2010,
EON SHENTON,2019,
EQUATORIAL APARTMENTS,1977,
ESCADA VIEW,1997,
ESPA,2008,0.08 - CASHEW
ESPACE,2008,
ESPADA,2013,0.34 - SOMERSET
ESPARINA RESIDENCES,2014,
ESPIRA RESIDENCE,2010,
ESPIRA SPRING,2010,
ESPIRA SUITES,2013,
ESTA RUBY,2010,
ESTE VILLAS,2014,
ESTELLA GARDENS,1999,1.5 - TAMPINES EAST
ESTERINA,2009,
ESTILO,2009,
ESTIQUE,2007,
ESTRIVILLAS,2013,
ETON COURT,2004,
EUHABITAT,2016,
EUNOS GREEN,1998,
EUNOS MANSION,1982,
EUNOS PARK,1995,
EUNOS VILLE,1987,
EUPHONY GARDENS,2002,1.23 - YISHUN
EURO-ASIA APARTMENTS,1990,
EURO-ASIA COURT,1994,0.63 - SOMERSET
EURO-ASIA LODGE,1998,
EURO-ASIA PARK,1996,
EVANIA,2012,
EVELYN MANSIONS,1998,0.48 - NEWTON
EVERGREEN PARK,1999,
EVERGREEN VIEW,2011,
EVERITT EDGE,2015,
EWE BOON REGENT,2000,0.64 - STEVENS
EXCELLENCE MANSIONS,1991,
EXCELSIOR GARDENS,1991,
FABER CREST,2002,
FABER GARDEN CONDO,1984,
FABER HILLS APARTMENTS,1978,
FAEZ BUILDING,2006,
FAIRLODGE APARTMENT,1999,
FAIRMOUNT CONDO,2000,0.15 - SUNGEI BEDOK
FAIRWOOD PARK,1993,
FAR HORIZON GARDEN,1987,0.67 - YIO CHU KANG
FARRER PARK SUITES,2011,
FERNHILL COTTAGE,2000,0.82 - STEVENS
FERNHILL COURT,1981,0.77 - STEVENS
FERNHILL LODGE,1991,0.72 - STEVENS
FERNWOOD TERRACE,1992,
FERNWOOD TOWERS,1994,1.71 - BEDOK
FERRA,2017,
FERRARIA PARK,2010,1.11 - TAMPINES EAST
FERRELL RESIDENCES,2013,
FIFTEEN ROBIN,2012,
FIFTH AVENUE CONDO,1998,0.15 - SIXTH AVENUE
FIFTY-TWO STEVENS,2012,
FINLAND GARDENS,1989,
FIORENZA,2012,
FIRST POINT SUITES,2013,
FIVE CHANCERY,2011,
FLAME TREE PARK,1989,
FLAMINGO VALLEY,2014,1.1 - KEMBANGAN
FLO RESIDENCE,2016,1.8 - PUNGGOL
FLORA EAST,1993,
FLORAVIEW,2018,
FLORAVILLE,2018,
FLORIDA PARK,1993,
FLORIDIAN,2011,0.34 - KING ALBERT PARK
FLORISSA PARK,1988,
FLYNN PARK,1986,0.26 - PASIR PANJANG
FONTAINE PARRY,2010,
FONTANA HEIGHTS,1985,0.48 - DOVER
FORESQUE RESIDENCES,2015,
FOREST HILLS,2004,2.21 - KHATIB
FORESTVILLE,2016,
FORT GARDENS,1993,0.8 - MOUNTBATTEN
FORTE SUITES,2018,
FORTUNE JADE,2004,0.59 - DAKOTA
FORTUNE PARK,1996,
FORTUNE SPRING,2003,
FORTVILLE,2004,0.75 - MOUNTBATTEN
FOUR SEASONS PARK,1994,0.38 - ORCHARD
FRAGRANT GARDENS,1993,0.55 - BARTLEY
FREESIA WOODS,2004,1.02 - CLEMENTI
FRUITION,2008,
FUDU PARK,1990,
FULCRUM,2016,
FUTURA,1976,0.48 - SOMERSET
FUYUEN COURT,1997,
G RESIDENCES,2016,
GABRIEL VILLAS,1995,
GAIA,2015,
GALAXY TOWER,1989,
GALLERY 8,2004,0.95 - EUNOS
GALLOP GABLES,1997,0.16 - FARRER ROAD
GALLOP GREEN,2002,0.23 - FARRER ROAD
GALLOP RIDGE,1994,
GAMBIER COURT,1999,0.51 - FORT CANNING
GAMBIR RIDGE,2015,
GAO MING HUA YUAN,1990,
GARDEN PARK RESIDENCES,2015,
GARDENVILLE,2000,0.86 - STEVENS
GARDENVISTA,2006,0.46 - KING ALBERT PARK
GARLICK VILLE,1996,
GENTLE REFLECTIONS,2009,
GENTLE VILLAS,1996,
GERALD GARDENS,1990,
GERALD PARK,1993,
GERALD RESIDENCE,2001,
GEYLANG HERITAGE,1999,
GILLENIA,2009,
GILSTEAD 38,2001,0.58 - NOVENA
GILSTEAD 68,2012,
GILSTEAD BROOKS,2005,0.64 - NOVENA
GILSTEAD COURT,1978,0.53 - NOVENA
GILSTEAD MANSION,1991,0.45 - NOVENA
GILSTEAD TWO,2014,
GLAMOUR VILLE,2003,
GLASGOW RESIDENCE,2013,
GLENDALE PARK,2000,0.24 - HILLVIEW
GLENTREES,2005,0.92 - DOVER
GLOBAL RESIDENCE @ TIONG BAHRU,2007,
GLOBAL VILLE,2000,
GLOUCESTER MANSIONS,2000,0.3 - NEWTON
GOLD COAST CONDO,1994,
GOLDEN HEIGHTS,2003,0.38 - LORONG CHUAN
GOLDENHILL PARK CONDOMINIUM,2004,0.23 - LORONG CHUAN
GOLDENHILL VILLAS,2005,0.42 - LORONG CHUAN
GOLDLEAF GARDENS,1992,
GOLDLEAF MANSIONS,1993,
GOODLINK PARK,1982,
GOODLUCK GARDEN,1984,
GOODMAN CREST,2012,
GOODWILL MANSION,1984,
GOODWOOD GARDEN,2004,0.51 - NEWTON
GOODWOOD GRAND,2018,
GOODWOOD RESIDENCE,2013,0.42 - NEWTON
GRAMERCY PARK,2016,
GRAND CHATEAU,1997,0.85 - BEAUTY WORLD
GRAND DUCHESS AT ST PATRICK,2009,1.44 - KEMBANGAN
GRAND REGALIA,2004,
GRAND REGENCY,2000,
GRAND RESIDENCE,2006,
GRAND TOWER,1978,
GRANDE VISTA,1993,
GRANDEUR 8,2005,0.66 - ANG MO KIO
GRANDIOSO 8,2015,
GRANDLINK SQUARE,1998,
GRANGE 120,2000,0.83 - ORCHARD
GRANGE 70,1999,0.58 - ORCHARD
GRANGE 80,2000,0.64 - ORCHARD
GRANGE HEIGHTS,1976,0.41 - SOMERSET
GRANGE INFINITE,2011,
GRANGE RESIDENCES,2004,0.98 - ORCHARD
GREEN COURT,1986,
GREEN LODGE,1984,0.67 - BEAUTY WORLD
GREENRIDGE,1987,
GROSVENOR VIEW,2005,
GRYPHON TERRACE,1996,
GUAN SOON TERRACE,1991,
GUILIN COURT,1995,
GUILIN MANSIONS,1994,
GUILIN VIEW,2000,0.33 - BUKIT GOMBAK
GUILLEMARD EDGE,2017,
GUILLEMARD SUITES,2017,
GUILLEMARD VIEW,1994,
H RESIDENCES,2015,
H2O RESIDENCES,2015,
HACIENDA GROVE,1994,
HAIG 162,2013,1.06 - DAKOTA
HAIG COURT,2004,1.02 - DAKOTA
HAIG ELEVEN,2006,
HAIG LODGE,2000,
HAIG RESIDENCES,2012,
HAIG TEN,2002,
HAIGSVILLE,2004,
HALLMARK RESIDENCES,2015,
HANA,2014,0.71 - ORCHARD
HARBOUR SUITES,2014,
HARBOUR VIEW GARDENS,1985,
HARBOUR VIEW TOWERS,1994,0.26 - TELOK BLANGAH
HARBOURLIGHTS,1997,0.08 - HARBOURFRONT
HARBOURSIDE APARTMENTS,1997,
HARMONY @ 1A,2007,
HARMONY MANSION,1984,
HARVEST MANSIONS,1999,0.68 - TIONG BAHRU
HARVEY VIEW,1991,
HAWAII TOWER,1984,1.29 - MOUNTBATTEN
HAZEL PARK CONDOMINIUM,2001,0.27 - CASHEW
HAZEL PARK TERRACE,1998,
HEDGES PARK CONDOMINIUM,2014,
HELIOS RESIDENCES,2011,0.64 - NEWTON
HENLEY GARDENS,2005,
HERITAGE APARTMENTS,1994,0.63 - ORCHARD
HERITAGE EAST,2012,
HERITAGE PLACE,1999,0.27 - BUGIS
HERITAGE RESIDENCES,2008,
HERITAGE VIEW,2000,0.61 - ONE NORTH
HERON BAY,2016,
HERTFORD COLLECTION,2013,
HERTFORD MANSION,1976,
HIGH OAK,2000,0.53 - BEAUTY WORLD
HIGH PARK RESIDENCES,2020,
HIGH POINT,1973,0.52 - NEWTON
HIGH STREET CENTRE,1969,0.29 - CLARKE QUAY
HIGHGATE CONDO,1995,1.24 - BEAUTY WORLD
HIGHGATE PARK,1993,
HIGHLAND CONDO,1993,
HIGHLAND RESIDENCES,2006,
HIGHLINE RESIDENCES,2018,
HIJAUAN,2015,
HILBRE 28,2018,
HILLBROOKS,1999,0.69 - HILLVIEW
HILLCREST ARCADIA,1980,1.03 - TAN KAH KEE
HILLCREST VILLA,2010,0.34 - TAN KAH KEE
HILLINGTON GREEN,2003,0.35 - HILLVIEW
HILLION RESIDENCES,2016,
HILLS APARTMENT,2006,
HILLS TWOONE,2019,
HILLSIDE MANSIONS,1993,0.88 - KOVAN
HILLSTA,2017,
HILLTOP GROVE,2002,0.83 - BUKIT GOMBAK
HILLTOPS,2011,0.56 - NEWTON
HILLVIEW 128,2001,0.95 - HILLVIEW
HILLVIEW APARTMENTS,1998,
HILLVIEW GREEN,1998,
HILLVIEW HEIGHTS,1996,0.28 - HILLVIEW
HILLVIEW PARK,1995,0.33 - HILLVIEW
HILLVIEW REGENCY,2005,1.06 - BUKIT BATOK
HILLVIEW RESIDENCE,2003,
HILLVIEW VILLAS,1993,
HILLVISTA,2013,
HOLLAND 100,2011,
HOLLAND GREEN,1998,
HOLLAND GROVE PARK,1997,
HOLLAND HILL PARK,1992,
HOLLAND MEWS,2004,0.9 - FARRER ROAD
HOLLAND PEAK,1994,0.64 - HOLLAND VILLAGE
HOLLAND RESIDENCES,2012,0.44 - HOLLAND VILLAGE
HOLLAND TOWER,1976,
HOLLANDIA,1985,
HOLT RESIDENCES,2001,0.86 - TIONG BAHRU
HOMES AT EASTWOOD PLACE,1999,
HOMES AT HOLLAND PARK,2007,
HOMEY GARDENS,2004,
HONG HENG GARDEN,1987,
HONG HENG MANSION,1996,
HONOLULU TOWER,1985,0.6 - STEVENS
HORIZON GARDENS,2002,1.21 - YIO CHU KANG
HORIZON GREEN,2003,1.39 - YIO CHU KANG
HORIZON RESIDENCES,2014,
HORIZON TOWERS,1984,0.6 - SOMERSET
HOUGANG GREEN,1998,
HUA XIN COURT,1990,
HUME PARK I,1996,0.91 - HILLVIEW
HUME PARK II,1997,0.79 - HILLVIEW
HUNDRED TREES,2013,0.74 - CLEMENTI
I RESIDENCES,2011,
ICON,2007,0.21 - TANJONG PAGAR
ICON @ PASIR PANJANG,2018,
IDYLLIC EAST,2011,
IDYLLIC RESIDENCES,2009,1.14 - KEMBANGAN
IDYLLIC SUITES,2014,
ILIV @ GRANGE,2013,
ILLOURA,2011,
ILLUMINAIRE ON DEVONSHIRE,2011,0.2 - SOMERSET
IMPERIAL HEIGHTS,2009,
INFINIUM,2018,
INOVA 100,2008,
INTERNATIONAL PLAZA,1976,0.09 - TANJONG PAGAR
INTERO,2009,
IRIDIUM,2007,
ISLAND COUNTRY VILLAS,1999,
ISLAND VIEW,1984,
ISUITES @ MARSHALL,2013,
ISUITES @ PALM,2013,
ISUITES @ TANI,2012,
IVORY,2010,
IVORY HEIGHTS,1993,0.57 - JURONG EAST
J GATEWAY,2016,
JADE MANSION,1985,0.24 - HOLLAND VILLAGE
JADE RESIDENCES,2017,
JADE TOWERS,1979,
JANSEN 28,2000,
JANSEN 8,2011,
JANSEN MANSION,1990,
JANSEN SPRING,1997,
JARDIN,2012,0.39 - KING ALBERT PARK
JASMINE COURT,1985,
JC COURT,1999,
JC DRAYCOTT,1998,
JC RESIDENCE,2006,
JERSEY LODGE,2000,
JERVOIS GARDENS,1998,
JERVOIS JADE,2000,0.72 - TIONG BAHRU
JERVOIS LODGE,1997,0.89 - REDHILL
JERVOIS MANSIONS,1985,
JERVOIS REGENCY,2003,0.79 - REDHILL
JERVOIS VIEW,1986,
JEWEL @ BUANGKOK,2017,
JEWEL OF BALMORAL,2000,0.51 - STEVENS
JIA,2012,
JLB RESIDENCES,2008,
JOOL SUITES,2013,
JUBILEE RESIDENCE,2008,
JULUCA,2010,
JUNIPER AT ARDMORE,1991,0.61 - ORCHARD
JUPITER 18,2013,
KALLANG RIVERSIDE,2019,
KAP RESIDENCES,2018,
KASARA,2012,
KASTURINA LODGE,1999,
KATONG APARTMENTS,1996,
KATONG GARDENS,1984,
KATONG PARK TOWERS,1988,
KATONG REGENCY,2015,0.42 - PAYA LEBAR
KATONG VILLE,2003,
KELIVILLE,2006,0.9 - MARYMOUNT
KELLETT COURT,1997,0.52 - TAN KAH KEE
KELLOCK LODGE,1997,1.01 - TIONG BAHRU
KELULUT HILL,1998,
KEMAMAN POINT,1993,
KEMBANGAN COURT,1994,
KEMBANGAN PLAZA,1994,
KEMBANGAN SUITES,2011,
KEMBANGAN VILLAS,2004,
KENSINGTON PARK,1990,1.95 - LORONG CHUAN
KENSINGTON SQUARE,2017,
KENT RESIDENCES,2010,
KENTISH COURT,2000,
KENTISH GREEN,1999,
KENTISH LODGE,2000,
KENTVIEW PARK,1994,
KERRISDALE,2006,0.44 - FARRER PARK
KEW COTTAGE,1987,
KEW GATE,1997,0.7 - TANAH MERAH
KEW GREEN CONDO,1998,0.88 - SUNGEI BEDOK
KEW LODGE,1989,
KEW RESIDENCIA,1997,
KEW VALE,1997,
KHEAM HOCK GARDEN,1988,
KIARA TEN,2010,
KILAT COURT,1999,0.18 - BEAUTY WORLD
KILLINEY 118,2013,0.25 - SOMERSET
KIM KEAT GARDENS,2003,
KIM KEAT HOUSE,1999,
KIM KEAT LODGE,2000,1.05 - NOVENA
KING'S 8,2010,
KING'S MANSION,1980,
KINGSFORD . HILLVIEW PEAK,2016,
KINGSFORD WATERBAY,2018,
KINGSGROVE CONDO,1992,0.64 - LORONG CHUAN
KINGSTON TERRACE,1995,
KINGSVILLE,1999,
KISMIS COURT,1985,
KISMIS VIEW,1984,
KLASSIC COURT,2005,
KNOX VIEW,2004,1.21 - KEMBANGAN
KOVAN COURT,1981,
KOVAN ESQUIRE,1998,
KOVAN GRANDEUR,2012,
KOVAN LODGE,1995,
KOVAN MELODY,2006,0.23 - KOVAN
KOVAN PRIMERA,2005,
KOVAN REGENCY,2016,
KOVAN RESIDENCES,2011,
KOVANA,2007,
KUIE PONG LOFT,2013,
L'VIV,2014,0.45 - NEWTON
LA BELLE,2006,
LA BRISA,2012,
LA CASA,2009,
LA CRYSTAL,1996,0.46 - SOMERSET
LA DOLCE VITA,2012,
LA FIESTA,2017,
LA FLEUR,2015,
LA MAISON,2000,0.32 - NOVENA
LA MEYER,1994,1.21 - MOUNTBATTEN
LA NOUVELLE,2005,
LA SALLE VILLAS,2002,
LA SUISSE I,1994,1.63 - KING ALBERT PARK
LA SUISSE II,1994,1.37 - KING ALBERT PARK
LA SUISSE TERRACE,1992,
LA VIDA @ 130,2014,
LA VILLE,1987,0.77 - MOUNTBATTEN
LADYHILL PARK,1990,
LAGUNA 88 CONDO,2000,
LAGUNA GREEN,1998,1.35 - BEDOK
LAKE LIFE,2017,
LAKEHOLMZ,2005,0.59 - LAKESIDE
LAKEPOINT CONDO,1983,0.67 - LAKESIDE
LAKESHORE,2007,0.38 - LAKESIDE
LAKESIDE GROVE,1999,
LAKESIDE TOWERS,1981,
LAKEVILLE,2018,
LANDBAY CONDO,1999,1.36 - BEDOK
LANDMARK TOWER,1985,0.49 - CHINATOWN
LANDRIDGE CONDO,1993,0.74 - HAW PAR VILLA
LANGE 28,2008,
LANGSTON VILLE,1999,
LATITUDE,2010,
LAUREL TREE,2017,
LAVERNE'S LOFT,2014,
LE CONNEY PARK,1985,
LE CRESCENDO,2006,0.53 - TAI SENG
LE HILL CONDO,1998,
LE LOYANG,1994,
LE M RESIDENCE,2005,
LE MARICAN,2010,
LE MERRITT,2008,
LE NOUVEL ARDMORE,2015,
LE REGAL,2016,
LE REVE,2009,
LE ROYCE @ LEITH PARK,2006,
LE SHANTIER,1997,
LE SOMME,2017,
LE WILKIE,1996,
LE WOOD,2000,0.65 - BEAUTY WORLD
LEEDON 2,1997,0.16 - HOLLAND VILLAGE
LEEDON RESIDENCE,2015,
LEGEND @ JANSEN,2008,
LEGENDA @ JOO CHIAT,2005,
LEICESTER LODGE,2003,
LEICESTER SUITES,2013,
LEITH GROVE,2007,1.24 - KOVAN
LENTOR VIEW,1992,
LENTOR VILLAS,1998,
LEONIE CONDOTEL,1997,0.55 - SOMERSET
LEONIE GARDENS,1993,0.61 - ORCHARD
LEONIE HILL RESIDENCES,2005,0.63 - SOMERSET
LEONIE PARC VIEW,2009,0.45 - SOMERSET
LEONIE STUDIO,2006,0.56 - ORCHARD
LEONIE TOWERS,1975,0.75 - SOMERSET
LEVENUE,2016,
LEVILLE ISUITES,2016,
LIBERTE,2015,0.23 - NEWTON
LILAC PARK,1990,
LILYDALE,2003,1.72 - YISHUN
LIM TAI SEE WALK,1994,
LIMAU PARK,1991,0.55 - TANAH MERAH
LIMAU VILLAS,1998,
LINCOLN SUITES,2014,0.32 - NOVENA
LIRIA TERRACE,1998,
LIV ON SOPHIA,2018,
LIV ON WILKIE,2019,
LIVIA,2011,
LLOYD SIXTYFIVE,2016,
LLYN GARDENS,1991,
LOFT @ HOLLAND,2014,
LOFT @ NATHAN,2014,
LOFT @ RANGOON,2013,
LOFT @ STEVENS,2014,
LORNIE 18,2008,
LORNIE GARDENS,1993,
LOTUS VILLE,2017,
LOYANG COURT,1997,
LOYANG VALLEY,1985,2.25 - TAMPINES EAST
LOYANG VILLAS,1996,
LUCIDA,2011,
LUCKY TOWER,1981,0.8 - ORCHARD
LUMA,2010,
LUSH ACRES,2016,
LUSH ON HOLLAND HILL,2012,0.64 - HOLLAND VILLAGE
LUXE VILLE,2013,
LUXUS HILLS,2013,
LYNNSVILLE 331,2009,
LYNWOOD EIGHT,2010,
M21,2012,
M5,2017,
M66,2016,
MABELLE,2009,1.21 - KEMBANGAN
MACKENZIE 138,2006,0.28 - LITTLE INDIA
MACKENZIE 88,2009,0.21 - LITTLE INDIA
MACKENZIE MANSION,2006,
MACPHERSON GREEN,1983,
MADEIRA COURT,1996,
MADISON RESIDENCES,2012,0.48 - STEVENS
MALVERN SPRINGS,2004,1.52 - EUNOS
MANDALE HEIGHTS,2004,0.81 - NOVENA
MANDARIN GARDENS,1986,1.9 - BEDOK
MANHATTAN MANSIONS,1996,
MAPLEWOODS,1997,0.21 - KING ALBERT PARK
MARINA BAY RESIDENCES,2010,0.26 - DOWNTOWN
MARINA BAY SUITES,2013,0.12 - DOWNTOWN
MARINA COLLECTION,2011,3.03 - HARBOURFRONT
MARINA ONE,2018,
MARINE BLUE,2017,
MARINE POINT CONDOMINIUM,1985,
MARINE VIEW MANSIONS,1989,
MARLENE VILLE,2009,
MARSHALL LODGE,1996,
MARTIA 8,2002,
MARTIA RESIDENCE,2006,
MARTIN EDGE,2006,
MARTIN NO.38,2012,
MARTIN PLACE RESIDENCES,2011,
MARTINA MANSION,2000,
MARYMOUNT VIEW,1992,
MATLOCK RESIDENCES,2011,
MAYA,2007,1.29 - EUNOS
MAYFAIR GARDENS,1985,0.31 - KING ALBERT PARK
MAYFAIR RESIDENCES,2016,
MAYSPRINGS,1998,0.3 - BUKIT PANJANG
MEADOW LODGE,2005,
MEADOWS @ PEIRCE,2012,1.93 - YIO CHU KANG
MEDGE,2007,0.8 - NOVENA
MEIER SUITES,2012,
MELODY VILLAS,1993,
MELOSA,2015,
MELROSE PARK,2000,0.89 - TIONG BAHRU
MELROSE VILLE,2011,
MELVILLE PARK,1996,0.59 - UPPER CHANGI
MERA EAST,2007,
MERA GARDENS,1998,
MERA SPRINGS,2008,0.61 - NOVENA
MERA TERRACE,1997,
MERALODGE,1997,1.11 - HILLVIEW
MERAPRIME,2006,0.15 - TIONG BAHRU
MERAWOODS,1999,0.91 - BUKIT GOMBAK
MERGUI MANSIONS,1995,
MERIDIAN 38,2014,
METRO LOFT,2015,
MEYA LODGE,2005,
MEYER MELODIA,2017,
MEYER PARK,1985,
MEYER RESIDENCE,2009,
MI CASA,2012,0.43 - CHOA CHU KANG
MIA PLACE,1997,
MICHAELS' RESIDENCES,2016,
MIDTOWN RESIDENCES,2017,
MILFORD VILLAS,2009,
MILL CREEK,2012,
MILLPOINT,2004,0.85 - TIONG BAHRU
MIMOSA GARDENS,2005,
MIMOSA PARK,1979,1.94 - YIO CHU KANG
MIMOSA TERRACE,2000,
MIMOSA VILLAS,1987,
MINT RESIDENCES @ JANSEN,2008,
MIRAGE TOWER,1997,1.02 - SOMERSET
MIRO,2012,0.52 - NEWTON
MISTRAL PARK,1995,
MODA,2013,
MODENA,2002,0.2 - SIMEI
MON JERVOIS,2017,
MONARCHY APARTMENTS,1998,
MONT TIMAH,2011,
MONTCLAIR @ WHITLEY,2012,
MONTEBLEU,2010,0.79 - NOVENA
MONTEREY PARK,2006,1.3 - CLEMENTI
MONTROSA,1999,
MONTVIEW,2008,0.6 - DOVER
MOONSTONE RESIDENCES,2005,0.57 - POTONG PASIR
MOONSTONE ROYALE,2003,
MOONSTONE VIEW,2000,0.56 - POTONG PASIR
MORIMASA GARDENS,1993,0.43 - NEWTON
MOSELLA,2013,
MOULMEIN COURT,1981,
MOUNT FABER LODGE,1983,0.49 - HARBOURFRONT
MOUNT ROSIE GARDEN,1983,
MOUNT SINAI RESIDENCES,2011,
MOUNT SOPHIA SUITES,2010,0.39 - DHOBY GHAUT
MOUNTBATTEN LODGE,2000,
MOUNTBATTEN REGENCY,2007,
MOUNTBATTEN SUITES,2012,
MULBERRY TREE,2011,
MURANO,2009,
MUTIARA CREST,2000,0.94 - ORCHARD
MUTIARA VIEW,2000,1.01 - ORCHARD
MY MANHATTAN,2014,
NADIA MANSIONS,1985,
NASSIM JADE,1999,0.74 - ORCHARD
NASSIM MANSION,1977,1.38 - STEVENS
NASSIM PARK RESIDENCES,2011,
NASSIM REGENCY,1978,1.17 - STEVENS
NASSIM WOODS,1998,1.22 - ORCHARD
NATHAN PLACE,2006,1 - TIONG BAHRU
NATHAN RESIDENCES,2012,0.93 - TIONG BAHRU
NATHAN SUITES,2014,
NATURA @ HILLVIEW,2016,
NATURALIS,2011,
NATURE MANSIONS,2003,
NAUNG RESIDENCE,2015,
NEEM TREE,2020,
NEPTUNE COURT,1975,1.9 - KEMBANGAN
NESS,2015,
NEW COURT,2001,
NEWEST,2017,
NEWTON 18,2004,0.42 - NEWTON
NEWTON EDGE,2011,0.46 - NEWTON
NEWTON EURO-ASIA,2003,0.4 - NEWTON
NEWTON GEMS,2004,0.32 - NOVENA
NEWTON IMPERIAL,2011,
NEWTON ONE,2009,0.26 - NEWTON
NEWTON SUITES,2007,0.29 - NOVENA
NICOLE GREEN,2003,
NICON GARDENS,1999,
NIM GARDENS,1986,
NIN RESIDENCE,2014,0.17 - POTONG PASIR
NINE RESIDENCES,2017,
NINETEEN SHELFORD ROAD,1997,0.49 - BOTANIC GARDENS
NIVEN LOFT,2004,
NIVEN SUITES,2009,
NOMU,2008,0.21 - DHOBY GHAUT
NORMANTON PARK,1977,1.07 - KENT RIDGE
NORTH PARK RESIDENCES,2020,
NORTHOAKS,2001,0.83 - ADMIRALTY
NORTHSHORE BUNGALOWS,1995,
NORTHVALE,1998,0.16 - CHOA CHU KANG
NORTHWOOD CONDOMINIUM,2010,
NOTTINGHILL SUITES,2016,
NOUVEL 18,2014,0.93 - ORCHARD
NOUVELLE PARK,1994,1.17 - KOVAN
NOVA 48,2012,
NOVA 88,2012,
NOVELIS @ NOVENA,2008,
NOVENA LODGE,1998,0.54 - NOVENA
NOVENA REGENCY,2017,
NOVENA SUITES,2004,0.1 - NOVENA
NUOVO,2004,0.39 - YIO CHU KANG
NV RESIDENCES,2013,
OASIS @ ELIAS,2012,
OASIS @ MULBERRY,2006,
OASIS GARDEN,2009,
OCEAN 8,2010,
OCEAN FRONT SUITES,2016,
OCEAN PARK,1983,1.35 - KEMBANGAN
OEI TIONG HAM PARK RESIDENCES,2012,
OKIO RESIDENCES,2015,
OLA RESIDENCES @ MOUNTBATTEN,2012,
OLEANAS RESIDENCE,1999,0.59 - FORT CANNING
OLEANDER TOWERS,1998,0.46 - TOA PAYOH
OLINA LODGE,1990,0.64 - HOLLAND VILLAGE
ONAN SUITES,2013,
ONE @ PULASAN,2009,
ONE AMBER,2010,1.27 - DAKOTA
ONE BALMORAL,2017,
ONE CHATSWORTH,1976,
ONE CHILTERN,2006,
ONE DEVONSHIRE,2012,0.32 - SOMERSET
ONE DUCHESS,2018,
ONE DUSUN RESIDENCES,2017,
ONE EIGHTIES RESIDENCES,2015,
ONE FORT,2005,0.69 - MOUNTBATTEN
ONE JERVOIS,2009,0.76 - TIONG BAHRU
ONE K GREEN LANE,2005,
ONE LEICESTER,2009,0.26 - POTONG PASIR
ONE LYNWOOD,2008,0.81 - LORONG CHUAN
ONE MOUNT ROSIE,2008,0.84 - NOVENA
ONE NORTH RESIDENCES,2009,0.41 - ONE NORTH
ONE OXLEY RISE,2008,0.39 - DHOBY GHAUT
ONE ROBEY,2016,
ONE ROBIN,2009,
ONE ROSYTH,2011,
ONE SHENTON,2010,
ONE SURIN,2017,
ONE TREE HILL RESIDENCE,2008,
ONZE @ TANJONG PAGAR,2018,
OPAL SUITES,2014,
OPTIMA @ TANAH MERAH,2012,0.12 - TANAH MERAH
ORANGE GROVE RESIDENCES,2009,0.8 - STEVENS
ORANGE REGENCY,1997,0.93 - STEVENS
ORCHARD BEL-AIR,1984,0.79 - ORCHARD
ORCHARD PARKSUITES,1996,
ORCHARD SCOTTS,2007,0.22 - NEWTON
ORCHARD SCOTTS RESIDENCES,2007,
ORCHARD VIEW,2012,
ORCHID APARTMENTS,1981,
ORCHID PARK CONDO,1994,0.48 - KHATIB
ORION,2008,
OVADA 8,2002,
OXFORD SUITES,2011,
OXLEY EDGE,2016,
OXLEY GARDEN,1986,
PACIFIC MANSION,1976,0.61 - SOMERSET
PALAZZETTO,2003,0.77 - MOUNTBATTEN
PALISADES,1985,0.5 - HAW PAR VILLA
PALM GALLERIA,2010,
PALM GARDENS,2000,0.87 - CHOA CHU KANG
PALM GREEN,1999,1.67 - HAW PAR VILLA
PALM GROVE CONDO,2002,
PALM GROVE REGENCY,2008,
PALM GROVE TERRACE,1998,
PALM HAVEN,2003,
PALM ISLES,2015,
PALM LODGE,1992,
PALM LOFT,2009,
PALM MANSIONS,1998,0.93 - HAW PAR VILLA
PALM OASIS,2009,
PALM RESIDENCE,2005,
PALM SPRING,1998,0.74 - STEVENS
PALM TREE NINES,1993,
PALM VISTA,2010,
PALMERA EAST,2012,
PALMERA RESIDENCE,2011,
PALMS @ SIXTH AVENUE,2015,
PALMWOODS,1999,
PANDAN VALLEY,1979,1.01 - DOVER
PAPILLON,2004,0.69 - TOA PAYOH
PARADISE ISLAND,2009,
PARADISE PALMS,2003,0.65 - DAKOTA
PARBURY HILL,1998,1.13 - TANAH MERAH
PARC ASTON,2011,
PARC BLEU,2013,
PARC CENTENNIAL,2011,0.65 - NEWTON
PARC CENTROS,2016,
PARC ELEGANCE,2013,
PARC EMILY,2008,0.27 - LITTLE INDIA
PARC HAVEN,2005,0.96 - BOON KENG
PARC IMPERIAL,2010,0.24 - HAW PAR VILLA
PARC MACKENZIE,2009,
PARC MONDRIAN,2010,
PARC OASIS,1995,0.24 - CHINESE GARDEN
PARC OLYMPIA,2015,
PARC PALAIS,2000,0.55 - HILLVIEW
PARC REGENCY,2002,
PARC ROSEWOOD,2016,
PARC SEABREEZE,2012,1.76 - EUNOS
PARC SOMME,2012,
PARC SOPHIA,2013,
PARC STEVENS,2000,0.39 - STEVENS
PARC VERA,2015,
PARC VISTA,2000,0.47 - LAKESIDE
PARK COURT,1996,
PARK EAST,1994,0.88 - BEDOK
PARK GREEN,2005,0.8 - BUANGKOK
PARK INFINIA @ WEE NAM,2008,0.59 - NEWTON
PARK NATURA,2011,
PARK RESIDENCES KOVAN,2013,
PARK VILLAS,1998,
PARK WEST,1986,0.63 - CLEMENTI
PARKSHORE,1995,0.84 - STADIUM
PARKVIEW,1998,1.52 - BUKIT BATOK
PARKVIEW ECLAT,2010,
PARKWAY MANSION,1982,
PARKWAY VIEW,1992,
PARRY COURT,2005,
PARRY GREEN,1999,
PARRY PARK,1991,
PARRYVILLE,1990,
PARVIS,2012,0.6 - HOLLAND VILLAGE
PASADENA,2003,
PASIR PANJANG GARDENS,1985,
PASIR PANJANG LODGE,1995,
PASIR VIEW PARK,1994,
PASTORAL VIEW,1986,
PATERSON LINC,2010,
PATERSON RESIDENCE,2008,0.43 - ORCHARD
PATERSON SUITES,2010,
PAVILION 11 AT NOVENA,2009,0.71 - NOVENA
PAVILION PARK,2003,
PAVILION SQUARE,2016,
PAYA LEBAR RESIDENCES,2003,0.18 - PAYA LEBAR
PEACE MANSION,1976,
PEAK COURT CONDO,1983,
PEARL BANK APARTMENTS,1974,
PEARL ISLAND,2013,
PEBBLE BAY,1997,0.69 - STADIUM
PEIRCE VIEW,1996,
PEIRCE VILLAS,1997,
PEOPLE'S PARK CENTRE,1974,
PEOPLE'S PARK COMPLEX,1970,
PEPPERMINT GROVE,1997,
PEPYS HILL CONDO,1988,0.24 - PASIR PANJANG
PETAIN COURT,1994,
PHILLIPS RESIDENCE,2008,
PINE GROVE,1984,1.03 - DOVER
PINE SPRINGS,1998,0.78 - STEVENS
PINEHURST CONDO,1993,
PINETREE CONDO,1996,0.68 - STEVENS
PINEVALE,2000,
PINEWOOD GARDENS,1990,0.61 - STEVENS
PINEWOOD TERRACE,1998,
PINNACLE 16,2006,0.59 - NOVENA
PLATINUM EDGE,2007,
POETS VILLAS,2015,
POH HENG COURT,1989,
POH HUAT GARDENS,1989,
POINT LOMA,1984,
POLLEN & BLEU,2018,
POSHGROVE EAST,2008,
PRESIDIO,2009,
PRESTIGE HEIGHTS,2013,
PRESTIGE LOFT,2010,
PRESTIGE POINT,2018,
PRESTIGE RESIDENCE,2008,
PRIME RESIDENCE,2014,
PRIMEDGE,2017,
PRIMO RESIDENCES,2013,
PRINCETON VALE,2001,
PRINCIPAL GARDEN,2019,
PRISTINE HEIGHTS,2008,0.53 - FARRER PARK
PRIVE,2017,
PROSPERO VILLE,2001,
PROXIMO ROBINA,2005,0.41 - STEVENS
Q BAY RESIDENCES,2017,
QUBE SUITES,2017,
QUEENS,2002,0.23 - QUEENSTOWN
QUEENS PEAK,2020,
QUEENSBERRY LODGE,2003,0.99 - TIONG BAHRU
QUESTA @ DUNMAN,2013,0.79 - DAKOTA
QUINTERRA,2009,
R MAISON,2016,
R66 APARTMENTS,2007,
RACE COURSE 138,2004,
RACE COURSE MANSION,2005,
RADIANCE @ BUKIT TIMAH,2010,
RADIX,2007,
RAFFLESIA CONDO,2002,0.44 - MARYMOUNT
RAINTREE VALLEY,1991,
RAJAH TOWER,1984,
RANGOON 88,2014,
RANGOON APARTMENTS,1997,
RANGOON COURT,2003,
REFLECTIONS AT KEPPEL BAY,2011,
REGAL 35,2004,0.63 - PAYA LEBAR
REGAL COURT,1997,1.08 - TOA PAYOH
REGENCY LODGE,1998,1.05 - TIONG BAHRU
REGENCY PARK,1990,1.07 - ORCHARD
REGENCY SUITES,2008,
REGENT GROVE,2000,0.28 - YEW TEE
REGENT HEIGHTS,2000,0.78 - BUKIT BATOK
REGENT PARK,1998,0.54 - CLEMENTI
REGENT RESIDENCES,2016,
REGENT VILLA,1993,
REGENTVILLE,2000,1.59 - HOUGANG
REGIS MANSIONS,1997,
REIGNWOOD HAMILTON SCOTTS,2012,0.24 - NEWTON
RESERVOIR VILLAS,1998,
RESIDENCE 118,2006,
RESIDENCE 66,2008,
RESIDENCE 8,2001,
RESIDENCES 88,2013,
RESIDENCES @ EVELYN,2007,0.41 - NEWTON
RESIDENCES @ HUA GUAN,2008,
RESIDENCES @ JANSEN,2008,
RESIDENCES @ KILLINEY,2013,0.36 - SOMERSET
RESIDENCES @ LIMAU,2007,
RESIDENCES @ SOMME,2008,0.52 - BENDEMEER
RESIDENCES @ STANGEE,2010,
RESIDENCES AT 338A,2004,0.44 - SOMERSET
RESIDENCES AT EMERALD HILL,2012,
RESIDENCES BOTANIQUE,2012,
RESIDENCY AT MOUNT SOPHIA,1996,0.43 - DHOBY GHAUT
REZI 26,2015,
REZI 3TWO,2017,
RHAPSODY ON MOUNT ELIZABETH,2010,0.58 - ORCHARD
RIA APTS,2012,
RIA TOWNHOUSES,2009,
RICCHEZZA,2009,
RICH EAST GARDEN,1983,1.34 - BEDOK
RICH MANSION,1994,
RICHMOND PARK,1996,0.52 - ORCHARD
RIDGE COURT,2003,
RIDGEWOOD CONDO,1977,0.63 - DOVER
RINDU TERRACE,1995,
RIO GARDENS,2006,0.77 - POTONG PASIR
RIO VISTA,2004,1.07 - HOUGANG
RIPPLE BAY,2015,1.37 - PASIR RIS
RIS GRANDEUR,2006,0.99 - PASIR RIS
RISING SUITES,1998,
RITZ @ FARRER,2016,
RITZ MANSIONS,1995,
RITZ REGENCY,2010,
RIVA LODGE,1995,
RIVAGE,2009,
RIVER ISLES,2016,
RIVER PLACE,2000,0.54 - FORT CANNING
RIVER VALLEY COURT,1995,
RIVERBANK @ FERNVALE,2018,
RIVERBAY,2015,
RIVERDALE RESIDENCE,2003,
RIVEREDGE,2008,0.59 - MOUNTBATTEN
RIVERGATE,2009,0.82 - FORT CANNING
RIVERIA GARDENS,2010,
RIVERIA POINT,1993,0.53 - SOMERSET
RIVERPARC RESIDENCE,2014,
RIVERSAILS,2017,
RIVERSHIRE,1991,0.69 - SOMERSET
RIVERSIDE 48,2001,0.52 - FORT CANNING
RIVERSIDE MELODIES,2014,
RIVERSIDE POINT,1993,
RIVERSOUND RESIDENCE,2015,
RIVERTREES RESIDENCES,2018,
RIVERVALE CREST,2003,1.02 - SENGKANG
RIVERWALK APARTMENTS,1990,0.15 - CLARKE QUAY
RIVIERA 38,2015,
RIVIERA RESIDENCES,2008,
RIZ HAVEN,2010,
ROBERTSON 100,2004,0.71 - FORT CANNING
ROBERTSON BLUE,2006,0.82 - FORT CANNING
ROBERTSON EDGE,2008,0.43 - FORT CANNING
ROBIN COURT,1988,
ROBIN REGALIA,2000,0.45 - STEVENS
ROBIN RESIDENCES,2016,
ROBIN SUITES,2015,
ROBINSON SUITES,2014,
ROCCA BALESTIER,2005,0.96 - FARRER PARK
ROCHELLE AT NEWTON,2012,
ROSALIA PARK,1995,0.58 - SERANGOON
ROSE VILLE,2001,
ROSEVALE,2003,0.4 - NOVENA
ROSEWOOD,2003,0.7 - WOODLANDS
ROSEWOOD SUITES,2012,
ROSYTH RESIDENCE,2007,
ROSYTH VILLE,2007,
ROYAL COURT,1998,
ROYALE MANSIONS,1992,
ROYALVILLE,1988,
ROYCE RESIDENCES,2013,
RV EDGE,2013,0.97 - TIONG BAHRU
RV POINT,2014,
RV RESIDENCES,2015,
RV SUITES,2012,0.96 - ORCHARD
SAGE,2012,
SANCTUARY @ 813,2011,
SANCTUARY GREEN,2004,0.76 - STADIUM
SANDILANDS RESIDENCES,2002,
SANDY ISLAND,2013,
SANDY PALM,2002,
SANFORD PARK,1991,
SANT RITZ,2017,
SANTA FE MANSIONS,1998,0.95 - MOUNTBATTEN
SAPPHIRE 99,2006,
SARACA GARDENS,1993,
SARACA VILLAS,2002,
SARHAD VILLE,1994,
SARKIES GARDENS,1997,0.22 - NEWTON
SARKIES GREEN,2015,
SAVANNAH CONDOPARK,2005,0.86 - UPPER CHANGI
SAVOY PARK,1996,
SCENIC HEIGHTS,2005,0.93 - NOVENA
SCOTTS 28,1999,0.43 - NEWTON
SCOTTS HIGHPARK,2009,0.11 - NEWTON
SCOTTS SQUARE,2010,0.26 - ORCHARD
SEA AVENUE MANSIONS,1998,
SEA AVENUE RESIDENCES,2006,
SEA ESTA,2015,
SEA HORIZON,2016,
SEAHILL,2016,
SEASCAPE,2010,3.33 - HARBOURFRONT
SEASIDE PARK,2000,
SEASONS PARK,1997,0.78 - YIO CHU KANG
SEASONS VIEW,2000,0.45 - MARYMOUNT
SEASTRAND,2014,
SEASUITES,2015,
SEAVIEW POINT,1994,
SECOND AVENUE JUNCTION,1997,
SELANTING GREEN,1998,
SELETAR PARK,1986,
SELETAR PARK RESIDENCE,2015,
SELETAR SPRINGS CONDO,2001,1.68 - BUANGKOK
SELETAR VIEW,2013,
SELETARIS,2001,1.3 - YISHUN
SEMBAWANG COTTAGE,1998,
SENNETT RESIDENCE,2017,
SENTOSA COVE,2008,
SERAYA 9,2009,
SERAYA BREEZE,2001,
SERAYA VILLE,1992,
SERENADE GARDENS,1988,
SERENITY BREEZE,2017,
SERENITY PARK,1995,
SETIA RESIDENCES,2004,0.47 - NEWTON
SEVEN CRESCENT,2014,
SEVEN HOLT ROAD,2000,0.86 - TIONG BAHRU
SEVEN OAKS,1998,
SEVEN PALMS SENTOSA COVE,2013,3 - HARBOURFRONT
SEVENTY SAINT PATRICK'S,2017,
SHAMROCK VILLAS,2014,
SHANGHAI ONE,2007,0.96 - TIONG BAHRU
SHEARES VILLE APARTMENTS,2004,0.84 - TIONG BAHRU
SHEBA LODGE,2002,
SHELFORD 23,2012,
SHELFORD GREEN,1983,0.38 - BOTANIC GARDENS
SHELFORD MANSIONS,1988,
SHELFORD REGENCY,1998,0.35 - TAN KAH KEE
SHELFORD SUITES,2011,
SHELFORD VIEW,1985,
SHERWOOD CONDO,1998,1 - BEAUTY WORLD
SHERWOOD TOWERS,1980,0.39 - BEAUTY WORLD
SHIRO,2015,
SIGLAP HILL 33,2009,
SIGLAP V,2012,1.44 - BEDOK
SIGNATURE @ LEWIS,2011,0.32 - STEVENS
SIGNATURE AT YISHUN,2018,
SIGNATURE PARK,1998,0.97 - BEAUTY WORLD
SIGNATURE RESIDENCE,2008,
SILVER HILL,1988,
SILVERSCAPE,2015,
SILVERSEA,2014,1.73 - DAKOTA
SIMEI GREEN,1999,0.45 - UPPER CHANGI
SIMS DORADO,2008,
SIMS EDGE,2016,
SIMS GREEN,2004,
SIMS MEADOWS,2002,
SIMS RESIDENCES,2003,0.36 - PAYA LEBAR
SIMS URBAN OASIS,2020,
SIMSVILLE,1998,0.51 - PAYA LEBAR
SIN MING PLAZA,1996,0.57 - MARYMOUNT
SINGA HILLS,2018,
SIXTH AVENUE CENTRE,1985,
SIXTH AVENUE VILLE,1999,0.24 - SIXTH AVENUE
SKIES MILTONIA,2016,
SKT MANSIONS,1993,
SKY @ ELEVEN,2010,0.74 - CALDECOTT
SKY GREEN,2016,
SKY HABITAT,2015,
SKY VUE,2017,
SKYLINE 360 @ ST THOMAS WALK,2013,
SKYLINE @ ORCHARD BOULEVARD,2015,
SKYLINE RESIDENCES,2015,0.26 - TELOK BLANGAH
SKYPARK @ SOMERSET,2009,
SKYPARK RESIDENCES,2017,
SKYSUITES 17,2014,
SKYSUITES @ ANSON,2015,0.27 - TANJONG PAGAR
SMART SUITES,2016,
SOHO 188,2008,0.21 - FARRER PARK
SOHO @ FARRER,2006,0.26 - FARRER PARK
SOL ACRES,2018,
SOLARIS RESIDENCES,2011,
SOLEIL @ SINARAN,2011,
SOMMERVILLE GRANDEUR,1996,0.29 - FARRER ROAD
SOMMERVILLE LOFT,2003,
SOMMERVILLE PARK,1978,0.49 - FARRER ROAD
SOMMERVILLE REGENCY,2007,0.71 - SERANGOON
SOMMERVILLE RESIDENCES,2013,
SOPHIA 88,2001,
SOPHIA 98,2002,0.43 - DHOBY GHAUT
SOPHIA HILLS,2017,
SOPHIA LODGE,2006,
SOPHIA MANSION,1992,
SOPHIA RESIDENCE,2014,0.35 - BENCOOLEN
SOUTHAVEN I,1997,0.75 - BEAUTY WORLD
SOUTHAVEN II,1999,0.62 - BEAUTY WORLD
SOUTHBANK,2009,0.25 - LAVENDER
SOVEREIGN @ SIMON,2009,
SPA BUILDING,1986,
SPACE @ KOVAN,2014,
SPANISH VILLAGE,1987,0.39 - FARRER ROAD
SPAZIO @ KOVAN,2018,
SPOTTISWOODE 18,2015,
SPOTTISWOODE RESIDENCES,2014,0.67 - OUTRAM PARK
SPOTTISWOODE SUITES,2017,
SPRING @ KATONG,2006,1.53 - DAKOTA
SPRING @ LANGSAT,2013,
SPRING GARDENS,2000,
SPRING GROVE,1996,0.73 - ORCHARD
SPRINGBROOK TERRACE,1998,
SPRINGDALE,2000,0.93 - BEAUTY WORLD
SPRINGDEW TERRACE,1994,
SPRINGHILL,2008,
SPRINGLEAF VILLAS,2005,
SPRINGVALE,1996,
SPRINGWOOD,1991,
ST ANNE'S WOOD,1996,
ST FRANCIS COURT,1994,
ST FRANCIS LODGE,1998,
ST MARTIN RESIDENCE,2001,0.85 - ORCHARD
ST MARTIN'S APARTMENTS,1986,0.84 - ORCHARD
ST MICHAEL REGENCY,2009,
ST MICHAEL'S CONDOMINIUM,2002,
ST MICHAEL'S PLACE,1997,
ST NICHOLAS VIEW,1999,
ST PATRICK'S COURT,1993,
ST PATRICK'S GARDEN,1981,
ST PATRICK'S LOFT,2008,1.41 - KEMBANGAN
ST PATRICK'S RESIDENCES,2013,1.43 - KEMBANGAN
ST PATRICK'S ROW,1991,
ST REGIS RESIDENCES,2008,0.65 - ORCHARD
ST THOMAS SUITES,2010,0.34 - SOMERSET
ST THOMAS VILLE,2000,
STADIA,2010,
STARLIGHT SUITES,2015,
STARVILLE,2006,0.82 - KAKI BUKIT
STELLAR RV,2015,
STEVENS LOFT,2003,0.28 - STEVENS
STEVENS SUITES,2014,
STILLZ RESIDENCE,2011,
STRAITS GARDENS,2005,
STRAITS RESIDENCES,2013,
STRATA,2006,0.25 - NOVENA
STRATFORD COURT,1998,0.58 - TANAH MERAH
STRATTON GREEN,2003,
STRATTON PARK,1992,
STRATUM,2016,
STUDIO 3,2005,1.02 - ORCHARD
STUDIO8,2014,
STUDIOS @ MARNE,2009,
STUDIOS @ TEMBELING,2012,
STURDEE VIEW,1998,
SUI GENERIS,2010,
SUITES 123,2010,
SUITES 28,2014,
SUITES @ AMBER,2011,
SUITES @ BRADDELL,2015,
SUITES @ CAIRNHILL,2010,0.32 - NEWTON
SUITES @ CHANGI,2013,
SUITES @ EASTCOAST,2014,
SUITES @ EUNOS,2014,
SUITES @ GUILLEMARD,2014,
SUITES @ KATONG,2014,
SUITES @ KOVAN,2012,
SUITES @ NEWTON,2016,
SUITES @ OWEN,2011,
SUITES @ PAYA LEBAR,2014,
SUITES @ SHREWSBURY,2013,
SUITES @ SIMS,2013,
SUITES @ SURREY,2008,0.48 - NOVENA
SUITES @ TOPAZ,2013,
SUITES AT BUKIT TIMAH,2015,
SUITES AT ORCHARD,2015,
SUITES DE LAUREL,2012,0.49 - BEAUTY WORLD
SUITES TWENTY-TWO,2005,
SUMMER GARDENS,1999,0.61 - TANAH MERAH
SUMMER GREEN,1996,
SUMMER PLACE,1988,
SUMMER SCENT,2013,
SUMMER VILLAS,2004,1.73 - BUANGKOK
SUMMERDALE,2001,0.81 - BOON LAY
SUMMERHILL,2003,0.49 - HILLVIEW
SUMMERLEA GREEN,1998,
SUMMITVILLE,2006,
SUN PLAZA,2001,
SUN ROSIER,1985,0.34 - BARTLEY
SUNBIRD PARK,1997,
SUNCOTTAGES,2015,
SUNFLOWER GRANDEUR,2004,0.4 - PAYA LEBAR
SUNFLOWER MANSIONS,2002,
SUNFLOWER REGENCY,2008,
SUNFLOWER RESIDENCE,2001,
SUNFLOWER VIEW,2002,
SUNGLADE,2003,0.26 - SERANGOON
SUNGROVE,1998,1.1 - CLEMENTI
SUNHAVEN,2003,0.67 - UPPER CHANGI
SUNNY GROVE,1996,
SUNNY LODGE,2014,
SUNNY PALMS,2004,
SUNNY PARC,2011,
SUNNYVALE APARTMENTS,1995,
SUNNYVALE RESIDENCES,2018,
SUNRISE GARDENS,1998,
SUNRISE VILLA,1993,
SUNSET LODGE,2002,
SUNSHINE GRANDEUR,2008,
SUNSHINE GROVE,2003,0.36 - SERANGOON
SUNSHINE LODGE,1998,
SUNSHINE LOFT,2005,
SUNSHINE MANSIONS,2006,
SUNSHINE PLAZA RESIDENCES,2001,0.17 - BENCOOLEN
SUNSHINE REGENCY,2007,0.97 - EUNOS
SUNSHINE RESIDENCE,2006,
SUNVILLE,2005,0.78 - BOON KENG
SURIN VILLAS,2013,
SUTTON PLACE,1989,0.59 - FARRER ROAD
SYCAMORE TREE,2016,
SYLVAN LODGE,2006,
SYMPHONY HEIGHTS,1998,0.66 - HILLVIEW
SYMPHONY SUITES,2019,
TAI HWAN PARK,1990,
TAI KENG VILLAS,1999,
TAI WAH BUILDING,1981,
TAIPAN GRAND,2005,1.46 - BEDOK
TAIPAN JADE,2005,
TAIPAN REGENCY,2003,
TAMAN SIGLAP,2006,
TAN CHIN TUAN MANSION,2008,0.59 - SOMERSET
TAN QUEE LAN SUITES,2006,
TAN QUEE SWEE BUILDING,1989,
TAN TONG MENG TOWER,1977,
TANAH MERAH GREEN,2000,
TANAH MERAH MANSIONS,1985,
TANAMERA CREST,2005,0.73 - TANAH MERAH
TANGERINE GROVE,2007,
TANGLIN HILL CONDOMINIUM,1982,1.36 - REDHILL
TANGLIN HILL MEADOWS,1997,1.3 - REDHILL
TANGLIN HILL VILLAS,1997,
TANGLIN PARK,1989,1.2 - REDHILL
TANGLIN REGENCY,1998,0.32 - REDHILL
TANGLIN RESIDENCES,2005,0.97 - ORCHARD
TANGLIN VIEW,2002,0.32 - REDHILL
TANJONG RIA CONDOMINIUM,1997,0.65 - STADIUM
TELOK INDAH,1995,
TELOK KURAU LODGE,1991,
TEMBELING CENTRE,1990,
TEMBELING RESIDENCE,2013,
TEN @ SUFFOLK,2007,0.56 - NOVENA
TERESA 8,2008,
TERESA VILLAS,2011,
TERESA VILLE,1986,1.17 - HARBOURFRONT
TERRASSE,2015,
TERRENE AT BUKIT TIMAH,2013,
TESSA LODGE,2008,
THE ABERDEEN,1998,
THE ABODE AT DEVONSHIRE,2002,0.28 - SOMERSET
THE ACACIAS,2009,0.68 - WOODLEIGH
THE ADARA,2010,1.57 - EUNOS
THE ALCOVE,2004,0.27 - ALJUNIED
THE AMARELLE,2010,
THE AMBIENCE AT PUNGGOL,2010,
THE AMBRA,2010,
THE AMBROSIA,2011,
THE AMERALD STUDIO,2012,
THE AMERY,2012,
THE AMORE,2017,
THE AMSTON,1998,
THE ANCHORAGE,1997,0.58 - QUEENSTOWN
THE ANSLEY,2004,0.68 - NOVENA
THE ARC AT DRAYCOTT,2008,
THE ARCADIA,1983,1 - TAN KAH KEE
THE ARECA,2003,
THE ARIEL,2011,
THE ARISTO @ AMBER,2013,
THE ARIZON,2009,
THE ARMADALE,2000,0.45 - NOVENA
THE ARRIS,2003,0.52 - TANJONG PAGAR
THE ARTE @ THOMSON,2010,0.75 - TOA PAYOH
THE ASTON,2002,0.9 - ORCHARD
THE ATRIA AT MEYER,1996,1.22 - MOUNTBATTEN
THE AXIS,2010,
THE AZURE,2008,2.75 - TANJONG PAGAR
THE AZZURO,2011,
THE BALE,2009,
THE BALMORAL,1986,0.62 - STEVENS
THE BALMORAL SPRING,2001,0.53 - NEWTON
THE BAYCOURT,1994,1.44 - TANAH MERAH
THE BAYRON,1998,0.25 - SOMERSET
THE BAYSHORE,1999,1.64 - BEDOK
THE BEACON,2008,0.54 - OUTRAM PARK
THE BEACON EDGE,2009,1.42 - EUNOS
THE BEAUMONT,1985,0.22 - SOMERSET
THE BECCAGAYLE,2006,
THE BELLEFORTE,2004,
THE BELVEDERE,2008,1.08 - MOUNTBATTEN
THE BENCOOLEN,1998,0.23 - ROCHOR
THE BENTLY RESIDENCES@KOVAN,2018,
THE BERTH BY THE COVE,2006,2.99 - TANJONG PAGAR
THE BERTHSIDE,2006,
THE BEVERLY,2013,
THE BLISS,2013,
THE BLOSSOMVALE,1999,0.2 - KING ALBERT PARK
THE BOTANIC ON LLOYD,2006,0.38 - SOMERSET
THE BOULEVARD RESIDENCES,2005,0.34 - ORCHARD
THE BOUTIQ,2014,
THE BREEZE BY THE EAST,2011,
THE BROWNSTONE,2019,
THE CAIRNHILL,1984,0.64 - NEWTON
THE CALLISTA,2006,0.81 - POTONG PASIR
THE CALROSE,2008,0.94 - YIO CHU KANG
THE CALYPSO,2005,1.38 - TANAH MERAH
THE CANOPY,2013,
THE CAPE,2014,1.59 - DAKOTA
THE CAPRI,1998,0.19 - STEVENS
THE CARPMAELINA,2006,
THE CASCADIA,2011,0.52 - KING ALBERT PARK
THE CASSANDRA,2006,
THE CATHAY RESIDENCES,2007,0.28 - DHOBY GHAUT
THE CENTRAL,2007,0.04 - CLARKE QUAY
THE CENTREN,2017,
THE CENTRIO,2010,
THE CENTRIS,2009,0.18 - BOON LAY
THE CHAMPAGNE,2004,
THE CHANCERY RESIDENCE,2006,0.8 - NOVENA
THE CHUAN,2008,0.32 - LORONG CHUAN
THE CITRINE,2008,
THE CITRON RESIDENCES,2019,
THE CLAYMORE,1985,0.47 - ORCHARD
THE CLAYTON,1998,0.5 - STEVENS
THE CLEARWATER,2002,0.29 - BEDOK RESERVOIR
THE CLEMENTVALE,2002,
THE CLIFT,2011,
THE COAST AT SENTOSA COVE,2009,3.24 - HARBOURFRONT
THE COLONNADE,1988,0.72 - ORCHARD
THE CORNWALL,2005,0.5 - HOLLAND VILLAGE
THE COSMOPOLITAN,2008,0.86 - SOMERSET
THE COTERIE @ HOLLAND,2015,
THE COTZ,2012,
THE COUNTRYSIDE,1997,
THE COURTYARD,1995,
THE CREEK @ BUKIT,2017,
THE CREST,2018,
THE CRISTALLO,2014,
THE CRITERION,2018,
THE DAFFODIL,1999,1.23 - TANAH MERAH
THE DEW,2004,0.75 - BUKIT BATOK
THE DRAYCOTT,1980,0.77 - NEWTON
THE EASTSIDE,2006,
THE EBONY,2013,
THE EDEN AT TAMPINES,2001,0.6 - TAMPINES EAST
THE EDGE ON CAIRNHILL,2003,0.41 - NEWTON
THE EDGEWATER,2003,
THE ELEGANCE @ CHANGI,2006,
THE ELEMENT @ STEVENS,2007,
THE ELYSIA,2005,
THE EQUATORIAL,2002,0.11 - STEVENS
THE ESPARIS,2006,
THE ESPIRA,2010,
THE ESTA,2008,1.42 - DAKOTA
THE ESTIVA,2008,
THE ESTORIL,1984,
THE ESTRELLA,2009,
THE ESTUARY,2013,0.76 - KHATIB
THE FERNHILL,2009,
THE FLORAVALE,2000,1.48 - PIONEER
THE FLORENTINE,2010,
THE FLORIDA,2000,0.88 - HOUGANG
THE FOLIAGE,2009,
THE FORD @ HOLLAND,2009,0.22 - HOLLAND VILLAGE
THE FORESTA @ MOUNT FABER,2015,
THE FORTUNE VIEW,1999,
THE GALE,2013,
THE GARDENS AT BISHAN,2004,1.94 - MARYMOUNT
THE GARDENS AT GERALD,2007,
THE GERANIUM,2007,
THE GLACIER,2005,
THE GLADES,2017,
THE GLENCAIRD RESIDENCES,2000,
THE GLYNDEBOURNE,2014,0.39 - STEVENS
THE GRANDHILL,2005,
THE GRANDIFLORA,2005,
THE GRANGE,2008,0.98 - ORCHARD
THE GREEN COLLECTION,2012,
THE GREENWICH,2014,2.72 - BUANGKOK
THE GREENWOOD,2011,
THE GREENWOOD ESTATE,2005,1.12 - SIXTH AVENUE
THE HACIENDA,1985,1.22 - BEDOK
THE HELICONIA,2003,0.71 - KEMBANGAN
THE HERMITAGE,1999,0.28 - NEWTON
THE HILLFORD,2017,
THE HILLIER,2016,
THE HILLOFT,2011,
THE HILLPARK,1978,
THE HILLSIDE,2001,1.15 - HILLVIEW
THE HOLLAND COLLECTION,2011,0.95 - FARRER ROAD
THE HORIZON,2003,0.92 - TIONG BAHRU
THE HUNTINGTON,2000,0.16 - NOVENA
THE IMPERIAL,2006,0.32 - FORT CANNING
THE INFINITI,2008,1.2 - CLEMENTI
THE INFLORA,2017,
THE INGLEWOOD,1990,
THE INSPIRA,2009,0.61 - FORT CANNING
THE INTERLACE,2013,1.08 - LABRADOR PARK
THE INTERWEAVE,2015,
THE JADE,2004,0.08 - BUKIT BATOK
THE LADYHILL,2003,1.04 - STEVENS
THE LAKEFRONT RESIDENCES,2014,
THE LANAI,2015,
THE LATTIZ,2010,
THE LAURELS,2014,
THE LEGACY,1999,0.39 - STEVENS
THE LEGEND,1996,0.42 - STEVENS
THE LENOX,2012,
THE LEVELZ,2004,0.51 - FARRER ROAD
THE LIGHT @ CAIRNHILL,2004,0.66 - NEWTON
THE LIGHTHOUSE,2004,1.25 - PASIR RIS
THE LINC,2006,0.57 - NOVENA
THE LINCOLN MODERN,2003,0.5 - NOVENA
THE LINCOLN RESIDENCES,2012,0.46 - NOVENA
THE LINE @ TANJONG RHU,2015,
THE LINEAR,2006,0.44 - BUKIT PANJANG
THE LOFT,2002,1.13 - ORCHARD
THE LUCENT,2012,
THE LUMIERE,2010,
THE LUMOS,2011,
THE LUSH,2015,
THE LUXE,2007,
THE LUXURIE,2015,
THE MADEIRA,2002,0.35 - BUKIT GOMBAK
THE MAKENA,1998,1.35 - DAKOTA
THE MARBELLA,2005,0.4 - DOVER
THE MARQ ON PATERSON HILL,2011,
THE MARQUE AT IRRAWADDY,2009,
THE MAYFAIR,2000,0.38 - CHINESE GARDEN
THE MAYLEA,2009,
THE MEDALLION,2009,
THE MEDLEY,2009,
THE MERASAGA,1995,0.17 - HOLLAND VILLAGE
THE MERCURY,2012,0.99 - ORCHARD
THE MERLOT,2009,
THE METROPOLITAN,2009,0.14 - REDHILL
THE METZ,2007,0.16 - SOMERSET
THE MEYER PLACE,1993,0.92 - MOUNTBATTEN
THE MEYERISE,2016,
THE MEZZO,2014,
THE MILTONIA RESIDENCES,2014,
THE MINT RESIDENCES,2008,
THE MINTON,2014,0.87 - SERANGOON
THE MKZ,2017,
THE MODULES,2009,
THE MONDRIAN,2002,
THE MONTAGE,2010,
THE MONTANA,2002,0.9 - ORCHARD
THE MORNING GLORY,2004,
THE MORNINGSIDE,1993,0.57 - SOMERSET
THE MORNINGTON,2004,
THE NAUTICAL,2016,
THE NCLAVE,2008,
THE NEXUS,2007,0.41 - KING ALBERT PARK
THE OCEANFRONT @ SENTOSA COVE,2010,3.25 - HARBOURFRONT
THE OCTET,2017,
THE OLIV,2013,
THE ORANGE GROVE,2010,
THE ORCHARD RESIDENCES,2010,0.06 - ORCHARD
THE ORIENT,2018,
THE OXLEY,1997,0.32 - DHOBY GHAUT
THE PALETTE,2016,
THE PALLADIUM,2003,
THE PANORAMA,2019,
THE PARC CONDOMINIUM,2010,0.65 - CLEMENTI
THE PARK VALE,1997,0.66 - TAN KAH KEE
THE PATERSON,2004,0.45 - ORCHARD
THE PATERSON EDGE,1999,0.31 - ORCHARD
THE PEAK,1988,0.5 - PASIR PANJANG
THE PEAK @ BALMEG,2011,
THE PEAK @ CAIRNHILL I,2014,
THE PEAK @ CAIRNHILL II,2018,
THE PEARL @ MOUNT FABER,2005,0.67 - HARBOURFRONT
THE PETALS,2002,1.12 - BUKIT GOMBAK
THE PIER @ ROBERTSON,2006,0.42 - FORT CANNING
THE POIZ RESIDENCES,2019,
THE PRINCETON,1999,0.75 - NEWTON
THE PROMENADE@PELIKAT,2016,
THE PROMINENCE,2005,
THE PROMONT,2010,
THE QUARTZ,2009,0.27 - BUANGKOK
THE QUAYSIDE,1998,0.66 - FORT CANNING
THE QUINN,2016,
THE QUINTET,2006,0.3 - YEW TEE
THE RAINTREE,2008,0.79 - BEAUTY WORLD
THE RED HOUSE,2014,
THE REGALIA,1993,0.54 - SOMERSET
THE REGENCY AT TIONG BAHRU,2010,0.62 - TIONG BAHRU
THE RESIDENCES AT W SENTOSA COVE,2010,
THE RICHMOND,1999,
THE RISE @ OXLEY RESIDENCES,2018,
THE RITZ-CARLTON RESIDENCES,2013,
THE RIVERINA,2000,
THE RIVERINE BY THE PARK,2010,0.32 - KALLANG
THE RIVERSIDE PIAZZA,1996,0.35 - CLARKE QUAY
THE RIVERVALE,2001,0.76 - BUANGKOK
THE ROCHESTER,2011,
THE SAIL @ MARINA BAY,2008,0.2 - DOWNTOWN
THE SANCTUARY @ GEYLANG,2014,
THE SANTORINI,2018,
THE SCALA,2014,
THE SCOTTS TOWER,2017,
THE SEAFRONT ON MEYER,2010,1.16 - MOUNTBATTEN
THE SEAVIEW,2008,1.57 - DAKOTA
THE SEAWIND,2015,
THE SENSORIA,2007,
THE SERENADE @ HOLLAND,2004,0.79 - DOVER
THE SERENNIA,2012,
THE SERENNO,2016,
THE SHAUGHNESSY,2007,1.59 - KHATIB
THE SHELFORD,2005,0.44 - TAN KAH KEE
THE SHORE RESIDENCES,2014,1.41 - DAKOTA
THE SHORELINE RESIDENCES I,2015,
THE SHORELINE RESIDENCES II,10,
THE SIENA,2020,
THE SIERRA,1998,0.74 - DOVER
THE SILVA GARDENS,2007,
THE SILVER FIR,2012,
THE SILVER SPURZ,2007,
THE SILVERTON,2000,
THE SIXTH AVENUE RESIDENCES,2009,0.59 - SIXTH AVENUE
THE SKYWOODS,2015,
THE SOLITAIRE,2009,0.59 - STEVENS
THE SORRENTO,2015,
THE SOUND,2013,1.28 - KEMBANGAN
THE SOVEREIGN,1993,1.34 - DAKOTA
THE SPECTRUM,2006,1.73 - KENT RIDGE
THE SPINNAKER,2000,0.6 - NOVENA
THE SPRINGBLOOM,1999,0.07 - LORONG CHUAN
THE SPRINGFIELD,1999,0.65 - TANAH MERAH
THE SPRINGS,2003,0.28 - NOVENA
THE SPRINGSIDE,1999,
THE STELLAR,2008,1.89 - KENT RIDGE
THE STERLING,2000,0.14 - KING ALBERT PARK
THE SUITES @ CENTRAL,2009,0.2 - SOMERSET
THE SUMMIT,1994,1.47 - TANAH MERAH
THE SUNNIDORA,2006,
THE SUNNIFLORA,2005,
THE SUNNY LEGEND,2006,
THE SUNNY SPRING,1998,
THE SUNNYDALE,2002,
THE SUNSHINE,2003,0.4 - SERANGOON
THE TAIPAN,2003,1.39 - BEDOK
THE TANAMERA,1994,0.33 - TANAH MERAH
THE TATE RESIDENCES,2010,
THE TEMBUSU,2018,
THE TENERIFFE,2004,0.86 - SIXTH AVENUE
THE TENNERY,2013,
THE TERRACE,2018,
THE TESSARINA,2003,0.74 - KING ALBERT PARK
THE THOMSON DUPLEX,2010,
THE TIER,2013,
THE TOMLINSON,2003,0.67 - ORCHARD
THE TREELINE,2009,
THE TRESOR,2007,
THE TREVOSE,2001,0.34 - STEVENS
THE TRILINQ,2017,
THE TRILLIUM,2010,
THE TRIZON,2012,0.63 - DOVER
THE TROPIC GARDENS,1995,
THE TROPICA,2001,1.28 - TAMPINES WEST
THE TRUMPS,2005,0.13 - KEMBANGAN
THE TWINS,2002,0.48 - NEWTON
THE URBANITE,2014,
THE VALES,2017,
THE VANDERLINT,2015,
THE VANTAGE,1999,
THE VENTANA,2005,0.39 - HAW PAR VILLA
THE VENUE RESIDENCES,2017,
THE VERTE,2011,
THE VERV @ RV,2012,
THE VERVE,2012,0.58 - TOA PAYOH
THE VESTA,2008,0.87 - KEMBANGAN
THE VIEW @ MEYER,2009,1 - MOUNTBATTEN
THE VILLAS @ SENTOSA COVE,2007,
THE VILLAS OF YARWOOD,2001,
THE VINES,2004,
THE VIRIDIAN,2014,
THE VISION,2013,
THE VUE,2014,
THE WARREN,2004,0.15 - CHOA CHU KANG
THE WATER EDGE,2015,
THE WATERINA,2005,0.42 - DAKOTA
THE WATERLINE,2013,
THE WATERSIDE,1993,0.92 - MOUNTBATTEN
THE WHARF RESIDENCES,2012,0.5 - FORT CANNING
THE WHITLEY RESIDENCES,2017,
THE WILSHIRE,1984,0.63 - FARRER ROAD
THE WINDSOR,1987,
THE WISTERIA,2018,
THE WOODGROVE,1998,
THE WOODS,2016,
THE YARDLEY,2005,0.26 - SERANGOON
THOMSON 800 CONDO,1999,0.41 - CALDECOTT
THOMSON EURO-ASIA,2002,0.19 - NOVENA
THOMSON GRAND,2015,
THOMSON GROVE,1984,
THOMSON IMPERIAL COURT,1999,
THOMSON IMPRESSIONS,2019,
THOMSON THREE,2017,
THOMSON V ONE,2008,
THOMSON V TWO,2009,
THOMSON VALE,2002,0.58 - NOVENA
THOMSON VIEW CONDO,1987,1.2 - MARYMOUNT
THREE 11,2017,
THREE BALMORAL,2016,
THREE BUCKLEY,2009,
THREE THREE ROBIN,2006,0.44 - STEVENS
TIAN COURT,1988,
TIARA,1995,0.95 - SOMERSET
TIERRA VUE,2009,1.44 - KEMBANGAN
TIVOLI GARDENS,1999,
TIVOLI GRANDE,2012,
TOH YI COURT,1986,
TOMLINSON HEIGHTS,2016,
TOPAZ MANSIONS,1994,
TORIE MANSIONS,1993,
TORIEVIEW MANSIONS,1995,0.42 - ALJUNIED
TORIEVILLE,1994,
TRE RESIDENCES,2018,
TREASURE LOFT,2004,
TREASURE MANSIONS,2005,
TREASURE ON BALMORAL,2013,
TREASURE PLACE,2007,0.69 - PASIR PANJANG
TREASURES @ G19,2015,
TREASURES @ G20,2016,
TREASURES @ G6,2017,
TREE HOUSE,2013,1.34 - HILLVIEW
TREESCAPE,2016,
TRELLIS TOWERS,2000,0.48 - TOA PAYOH
TRENDALE TOWER,1984,
TRESALVEO,2012,
TREVISTA,2011,
TREVOSE 12,2002,0.37 - STEVENS
TREVOSE PARK,1991,0.46 - STEVENS
TRIBECA BY THE WATERFRONT,2010,0.99 - TIONG BAHRU
TRILIGHT,2012,0.33 - NEWTON
TRILIVE,2018,
TROPICAL SPRING,2003,0.29 - SIMEI
TROPICANA CONDO,1994,
TROPICS @ HAIGSVILLE,2009,
TROPIKA EAST,2016,
TUDOR TEN,1999,
TULIP GARDEN,1985,0.67 - FARRER ROAD
TURQUOISE,2010,2.97 - HARBOURFRONT
TWIN FOUNTAINS,2016,
TWIN HEIGHTS,2000,0.97 - TOA PAYOH
TWIN PEAKS,2014,0.53 - SOMERSET
TWIN REGENCY,2007,0.28 - TIONG BAHRU
TWIN WATERFALLS,2015,
TWO8ONE STUDIO,6,
TYRWHITT 139,2008,
UBER 388,2015,
UE SQUARE,1997,0.24 - FORT CANNING
UNIVERSITY PARK,1997,
UP @ ROBERTSON QUAY,2016,
URBAN HERITAGE,2015,
URBAN LOFTS,2011,
URBAN RESIDENCES,2014,
URBAN RESORT CONDOMINIUM,2014,
URBAN SUITES,2013,0.39 - SOMERSET
URBAN VILLAS,2016,
URBAN VISTA,2016,
URBANA,2007,0.55 - SOMERSET
URBANEDGE @ HOLLAND V,2007,0.17 - HOLLAND VILLAGE
V ON SHENTON,2017,0.41 - DOWNTOWN
VA RESIDENCES,2016,
VACANZA @ EAST,2014,
VALLEY MANSION,1970,0.48 - SOMERSET
VALLEY PARK,1997,0.85 - TIONG BAHRU
VANADIUM,2007,
VARSITY PARK,2007,1.93 - KENT RIDGE
VENEZIO,2007,1.43 - TANAH MERAH
VENTUNO BALMORAL,2009,
VENTURA HEIGHTS,2011,
VENTURA VIEW,2010,
VERANDA,2004,
VERDANA VILLAS,2013,1.01 - LORONG CHUAN
VERDURE,2012,0.9 - FARRER ROAD
VERSAILLES,1994,
VERSILIA ON HAIG,2010,
VERTIS,2008,
VETRO,2010,
VIBES @ EAST COAST,2015,1.29 - KEMBANGAN
VIBES @ KOVAN,2015,
VIBES @ UPPER SERANGOON,2016,
VICENTA LODGE,1993,
VICTORY 8,2014,
VICTORY HEIGHTS,1997,1.08 - NOVENA
VIDA,2009,0.42 - NEWTON
VIENTO,2015,
VIIO @ BALESTIER,2017,
VILLA AZURA,1999,0.44 - SIXTH AVENUE
VILLA BEGONIA,1998,
VILLA CHANCERITA,1992,0.93 - NOVENA
VILLA D'ESTE,1985,0.43 - STEVENS
VILLA DE WEST,1995,1.38 - HAW PAR VILLA
VILLA DELLE ROSE,1982,0.79 - FARRER ROAD
VILLA DES FLORES,1985,
VILLA MARINA,1999,1.39 - BEDOK
VILLA MARTIA,2000,
VILLA VERDE,2000,
VILLAGE @ PASIR PANJANG,2016,
VILLAGE TOWER,1983,0.4 - DOVER
VILLAS @ GILSTEAD,2010,
VILLAS AT KEW,1997,
VILLAS HOLLAND,2004,
VILLAS LAGUNA,1993,1.43 - BEDOK
VILLE ROYALE,1993,
VINA LODGE,2002,
VISIONCREST RESIDENCE,2007,0.29 - DHOBY GHAUT
VISTA PARK,1985,0.72 - PASIR PANJANG
VISTA RESIDENCES,2013,0.73 - TOA PAYOH
VITRA,2009,
VIVA,2012,0.45 - NOVENA
VIVA VISTA,2015,
VIVACE,2012,0.41 - FORT CANNING
VIZ @ HOLLAND,2008,0.82 - COMMONWEALTH
VOGX,2010,
VOLARI,2012,0.66 - NEWTON
VUE 8 RESIDENCE,2017,
WANDERVALE,2019,
WATER PLACE,2005,0.75 - STADIUM
WATER TERRACE,2008,
WATER VILLAS,2012,
WATERBANK AT DAKOTA,2012,
WATERCOLOURS,2016,
WATERCREST,1993,
WATERFALL GARDENS,2010,0.67 - FARRER ROAD
WATERFORD RESIDENCE,2010,0.57 - FORT CANNING
WATERFRONT @ FABER,2017,
WATERFRONT GOLD,2014,0.49 - BEDOK RESERVOIR
WATERFRONT ISLE,2015,
WATERFRONT KEY,2012,
WATERFRONT WAVES,2011,
WATERMARK @ ROBERTSON QUAY,2008,0.74 - FORT CANNING
WATERSCAPE AT CAVENAGH,2014,0.56 - SOMERSET
WATERTOWN,2017,
WATERVIEW,2013,
WATERWOODS,2016,1.88 - PUNGGOL
WATTEN ESTATE CONDO,1983,0.47 - TAN KAH KEE
WATTEN HILL CONDO,1977,0.61 - TAN KAH KEE
WATTEN RESIDENCES,2012,0.38 - TAN KAH KEE
WELLINGTON PARK,1985,
WEMBLY RESIDENCES,2012,
WEST BAY CONDO,1994,1.77 - CLEMENTI
WEST SHORE RESIDENCES,2014,
WESTCOVE CONDO,2000,1.9 - CLEMENTI
WESTMERE,1999,
WESTMONT,2010,
WESTSIDE 33,2007,
WESTVILLE,1997,
WESTWOOD APARTMENTS,1972,0.78 - ORCHARD
WESTWOOD PARK,1998,
WESTWOOD RESIDENCES,2018,
WHARTON VALE,2002,
WHITE HOUSE RESIDENCES,2013,
WHITE WATER,2007,1.71 - PASIR RIS
WHITEHAVEN,2017,
WHITESCAPE,2012,
WHITESHORES,2010,
WHITEVILLAS ROW,2008,
WHITLEY VILLAS,2012,
WILKIE 48,1998,0.46 - BENCOOLEN
WILKIE 80,2010,
WILKIE 87,2004,
WILKIE COURT,1992,
WILKIE REGENCY,2002,0.42 - ROCHOR
WILKIE STUDIO RESIDENCES,2011,
WILKINSON 8,2008,0.94 - DAKOTA
WINDERMERE,2000,
WINDY HEIGHTS,1978,
WING FONG COURT,1997,
WING FONG MANSIONS,1997,
WING ON LIFE GARDENS,1982,0.63 - STEVENS
WOLSKEL LODGE,1998,
WOODGROVE CONDO,1999,0.94 - MARSILING
WOODGROVE ESTATE,1998,
WOODHAVEN,2015,
WOODSVALE,2001,0.54 - ADMIRALTY
WOODSVILLE 28,2012,
WORTHINGTON,2009,
YEW MEI GREEN,2000,0.55 - YEW TEE
YEW TEE RESIDENCES,2009,
YGK GARDENS,2008,0.39 - HOLLAND VILLAGE
YI MEI GARDEN,1984,
YISHUN EMERALD,2002,1.18 - YISHUN
YISHUN SAPPHIRE,2002,
YONG AN PARK,1986,0.62 - SOMERSET
YUNNAN GARDENS,1991,
ZEDGE,2010,
ZENITH,2011,
ZEPHYR PARK,1993,
